,Comment
0,"Dub maro jaato ğŸ˜¢ğŸ˜¢.
Tumse tumare ladkiya nhi bchaii gyi. Aur din bhar jat jat krke aapas m bhidte rehte ho.
Tumse dilli na gheri gayi. Warna wo brjjbhusan.
Aaj jaat pichde they aur ab bi h ye sabit karwa hi dia tumne gadiye k piche jat likhwane se bahaduri na hoya kare.
Ab thukegi tumpe duniya.. Chori tumari ijjat lutwa ri th. Tmpe kim bi nhh paad ppaey tmm"
1,Haar gye bechare
2,Dhamki mili pahalwano ko aur sab manage kr liya gaya. Ab kuch nhi hone wala sab bhul jayenge dhire dhire.
3,Jaato pr ye boj rhega ki vo apni hi vyavstha se nyay nhi le paaye... Kya fayda jat jat chillane ka jb hum nyaye hi nhi dila pa rhe...
4,Pahlwan jante h kuch nhi kr payenge uska
5,Logo ko ullu bana ke ye sab mahanubhav chal diye apne kaam pr
6,"Ye Bhabhita Fogat naam ki mahila ko Brijh Bhushan se shayd maza nahi aya tha ğŸ˜‚ğŸ˜‚ğŸ˜‚ğŸ˜‚
#shaheenbaghprotest yaad aaya hogha inn behen ke lowde Strike karne waale so called sympathy gainer ğŸ˜‚ğŸ˜‚ğŸ˜‚"
7,à¤‡à¤¨à¤•à¥‡ à¤µà¤¿à¤°à¥à¤¦à¥à¤§ à¤¤à¥‹ à¤¸à¤–à¥à¤¤ à¤à¤•à¥à¤¶à¤¨ à¤²à¥‡à¤¨à¤¾ à¤šà¤¾à¤¹à¤¿à¤ à¤¥à¤¾à¥¤
8,"bina trial khele sirf ek boyt ke baad Okympic jaane ka mauka mil gaya  Yehi to chahte the ye besharm anpad jaahil jaat pehelwan haryana ke.  
Sahi me besharmi karo to aisi. 
Thoo bai inpe aur inke jaiso pe. Kabhi nhi sudharenge ye. Inki soch me ki chotapan hai."
9,"Ye sb drama kr rahe the, inko bs chhut chahiye tha qualifying round se, that's it."
10,Trail se chut mil gyi inko lalchi ghtiya..trail k liye kuch b kr skti h ye
11,Mujhe cricket khelna hai chalo jantar mantar
12,Asli baat yogrshwar ki tumna gool maar di
13,"Saale Teri aukaat kya hai,,, unhone olympic mai medal Jeeta hai,, tu district mai bhi Jeet ke bta de,, baat ke kra hai, pagal"
14,Jaka dekh pura desh inka sath ha
15,Doshi to sarkar dwara bachaye jaa rhe h to kaise doshi bn skte h.... Padhe likhe........ ğŸ˜‚
16,Muje doubt h kyoki ye andolan kahi se lg nahi raha tha.
17,Inko bas trial se chhut chahiye thi mil gayi dharna khatm pati patni sahit puri faugat family qualify ho gye...
18,Sab propogenda faila rahi hai haiâ€¦jab inke sath hua tab complaint nhi ki ab yaha tamasha kar rahi hai
19,Amit shah se meeting ke baad kuch to hua haiğŸ§
20,Ha ha ha ha ha
21,Ye 6 pahalwan Bhasma-sur hai ....junior ke right khaa rahe hai.
22,*à¤†à¤¨à¥à¤¦à¥‹à¤²à¤¨ à¤‘à¤°à¤—à¥‹à¤¨à¤¾à¤ˆà¤œà¤°* à¤¦à¥à¤µà¤¾à¤°à¤¾ à¤¸à¤‚à¤šà¤¾à¤²à¤¿à¤¤ à¤¥à¤¾ à¤•à¥à¤¯à¤¾  à¤†à¤¨à¥à¤¦à¥‹à¤²à¤¨  ?
23,â¤â¤â¤
24,à¤¬à¤¾à¤¬à¤¾ à¤œà¥€ à¤•à¤¾ à¤ à¥à¤²à¥à¤²à¥‚!
25,â€‹@Chaudhary Mitulor chalo dala to ye ho gaya to fir ye bhi bada do ki dalli kon hue apke hisab se ???
26,"â€‹@Chaudhary Mitulor ese to Brij Bhushan 6 baar election jeeta hua hai fir to Brij Bhushan acha banda ho gaya agar Election ke basis par person ko dekh rahe ho to.
Or ese hi Atiq bhi acha banda ho gaya agar election me jeetne ke purpose se dekh rahe ho to."
27,"â€‹@Chaudhary Mitulkyon Bhai ese word kyon uske liye ??? Kya usne desh ke liye medal nahi jeete kya??
Ya fir sab kuch yahi hai apke liye Jo andolan me bethe the???"
28,Dalla ğŸ˜‚ğŸ˜‚ nambar 1 hai yogeshwer 2 baar bjp se lad ke har gaya 3 baar harenga
29,"à¤à¤• à¤¤à¥‹ à¤‡à¤¨à¤•à¥€ à¤¬à¥‡à¤šà¤¾à¤°à¥‡ à¤¦à¤¿à¤–à¤¨à¥‡ à¤µà¤¾à¤²à¥€ à¤¯à¥‡ à¤«à¥‹à¤Ÿà¥‹à¤œ plz à¤¹à¤Ÿà¤¾ à¤¦à¥‹, à¤¯à¥‡ à¤¹à¤®à¤¾à¤°à¥‡ à¤¦à¤¬à¤‚à¤— à¤ªà¤¹à¤²à¤µà¤¾à¤¨ à¤¹à¥ˆà¤‚

à¤¦à¥‡à¤–à¤¾ à¤•à¥ˆà¤¸à¥‡ à¤…à¤ªà¤¨à¥€ à¤¬à¤¾à¤¤ à¤®à¤¨à¤µà¤¾ à¤²à¥€ à¤†à¤‚à¤¦à¥‹à¤²à¤¨ à¤•à¤°à¤•à¥‡ à¤”à¤° à¤¸à¤¿à¤°à¥à¤« à¤¯à¥‡ à¤²à¥‹à¤— à¤¸à¤šà¥à¤šà¥‡ à¤¹à¥ˆ à¤”à¤° à¤¬à¤¾à¤•à¥€ à¤à¥‚à¤ à¥‡, à¤‡à¤¨à¤•à¥‡ medal original à¤¹à¥ˆà¤‚ à¤”à¤° à¤¯à¥‹à¤—à¥‡à¤¶à¥à¤µà¤° à¤¦à¤¤à¥à¤¤, à¤¦à¥€à¤ªà¤• à¤ªà¥‚à¤¨à¤¿à¤¯à¤¾ à¤œà¥‹ à¤“à¤²à¤‚à¤ªà¤¿à¤¯à¤¨ à¤”à¤° à¤µà¤°à¥à¤²à¥à¤¡ à¤•à¤ª à¤—à¥‹à¤²à¥à¤¡ à¤®à¥‡à¤¡à¤²à¤¿à¤¸à¥à¤Ÿ à¤¹à¥ˆà¤‚. à¤°à¤µà¤¿ à¤¦à¤¹à¤¿à¤¯à¤¾ à¤¨à¥‡ à¤“à¤²à¤‚à¤ªà¤¿à¤• à¤”à¤° à¤µà¤°à¥à¤²à¥à¤¡ à¤•à¤ª à¤¦à¥‹à¤¨à¥‹à¤‚ à¤®à¥‡à¤‚ à¤®à¥‡à¤¡à¤² à¤œà¥€à¤¤à¥‡ à¤¹à¥ˆà¤‚. à¤…à¤‚à¤¶à¥ à¤®à¤²à¤¿à¤•, à¤¸à¥‹à¤¨à¤® à¤®à¤²à¤¿à¤• ,à¤¸à¤°à¤¿à¤¤à¤¾ à¤®à¥‹à¤°à¥‡, à¤…à¤‚à¤¤à¤¿à¤® à¤ªà¤‚à¤˜à¤² à¤‡à¤¨à¤•à¥‡ medal à¤¨à¤•à¤²à¥€ à¤¹à¥ˆà¤‚ à¤”à¤° à¤­à¤¾à¤°à¤¤ à¤¸à¤°à¤•à¤¾à¤° à¤¨à¥‡ à¤¦à¤¿à¤²à¤¾à¤¯à¥‡ à¤¥à¥‡ 
à¤”à¤° à¤µà¤¾à¤¹ à¤°à¥‡ govt à¤¸à¤¿à¤°à¥à¤« à¤‡à¤¨ 3+3 à¤•à¥‹ à¤›à¥‚à¤Ÿ à¤¦à¥€"
30,"@dil k alfaaz are oh Bhai National level ke Nay Nay player har saal teyar hote hai.
Junior ko mauka Dena band kar de kya???
Mtlb tumhe sirf itna samgh nahi aa raha hai kya ki games me sab barabar ho kar khelne chaiye.
Or inke level ke or bhi kai pahalwan hai to sirf chhut sirf inko hi kyon???"
31,â€‹@Pardeep Sharmavo log national champion h trial kitni hi bdi baat hogi unke liye ...thoda to dimag lgao
32,"â€‹@sunil rehniwalfir khul kar kyoki nahi kaha inhone ki hume trail me special treatment nahi chaiye.

Khud se mana kar dena chaiye tha ki hume trail me chhut nahi chaiye.

Jabki inke phle ke interview me inhone saaf kaha hua hai ki trail na karaye jaye humse itne"
33,à¤¨à¥à¤¯à¥‚à¤œà¤¼ à¤¤à¥‹ à¤ªà¥à¤°à¤¾ à¤¸à¥à¤¨ à¤²à¥‹
34,à¤›à¥à¤Ÿ à¤¨à¤¹à¥€ à¤®à¤¾à¤‚à¤—à¥€ à¤¸à¤®à¤¯ à¤®à¤¾à¤—à¤¾
35,Bhagwan v uper se dekh rha h tmko dimag dena bhul gya
36,brij bhusan ka bhusan kat doğŸ¤£ğŸ¤£ğŸ¤£
37,Farzi case... Aaj kal adhiktar mahila fake case lagane me expert ho gyi hai..
38,Trial me chhut chaiye thi isliye hi Dharma tha or govt ne ye demand poori kar di hai inki.
39,Bhai unko trail me chut mil gai hai Unko yahi chahiye tha
40,Trail mil to gyi
41,Muhammad ne safiya ke sath kya kiya???
42,Muhammad ke raj me 6 saal ki ladkio ki shadi hoti thi vo Rajya bhi kesa hoga tirğŸ˜‚ğŸ˜‚
43,kaash sare puncture putro ki freedom of speech k naam p propaganda failane ki azaadi bhi khatam kr de BJP.
44,Pahalwano Dharna khatam mat karo Lund Namaziyo ko bahut ummid hai tumse Kahi Dukh me Lund Namazi Puri Lulli hi Naa kaat le ğŸ˜€ğŸ˜€
45,Kisano ko msp mil gai ab apke wade poore honge........
46,Manthra is happy nowğŸ˜‚
47,Bas... Nikal gayi hawa.ğŸ˜‚
48,Funding band ho gayi bs khatam pradarshan
49,à¤®à¤¤à¤²à¤¬ à¤ªà¥à¤°à¥‹à¤ªà¤—à¥‡à¤‚à¤¡à¤¾ à¤¥à¤¾ à¤«à¥‡à¤² à¤¹à¥‹ à¤—à¤¯à¤¾ ğŸ’¯â˜‘ï¸
50,"â€‹@sunil rehniwalà¤‡à¤¨à¤•à¥‡ à¤ªà¤¾à¤¸ à¤•à¥‹à¤¨à¤¸à¤¾ à¤ªà¥à¤°à¤®à¤¾à¤£ à¤¹à¥ˆ, à¤¯à¥‹à¤¨ à¤¶à¥‹à¤·à¤£ à¤•à¤¾,"
51,â€‹@Chaudhary MitulAgar aarop sachche hote toh voh ladai krti lekin isko piche se paise khilwae the abhi pta chl gya he
52,Oh ğŸ˜‚ğŸ˜‚ andhbhagat ğŸ¤£ğŸ¤£ sarkar bjp ki pais congress paisa dengi ed cbi kha gayi fir ğŸ¤£ğŸ¤£
53,Kya evidence hai tumare pass ğŸ˜‚
54,Abe sale wahi to bol raha hu ğŸ˜‚ğŸ˜‚ğŸ˜˜
55,à¤¸à¤¬à¤•à¥‹ à¤ªà¤¤à¤¾ à¤¹à¥ˆ à¤‡à¤¨à¤•à¥‡ à¤ªà¥€à¤›à¥‡ 17 à¤µà¤¿à¤ªà¤•à¥à¤·à¥€ à¤¦à¤² à¤¹à¥ˆà¤‚ à¤®à¥‹à¤¦à¥€ à¤¸à¤°à¤•à¤¾à¤° à¤•à¥‹ à¤—à¤¿à¤°à¤¾à¤¨à¥‡ à¤•à¥‡ à¤²à¤¿à¤ à¤¹à¥€ à¤¯à¥‡ à¤«à¥‡à¤• à¤ªà¥à¤°à¥‹à¤ªà¥‹à¤—à¥‡à¤‚à¤¡à¤¾ à¤•à¤¿à¤¯à¤¾ à¤—à¤¯à¤¾ ğŸ™„ğŸ™„ğŸ™„
56,Mudi hai toh mumkin hai ğŸ˜ŠğŸ˜Š
57,textOriginal
58,"Dub maro jaato ğŸ˜¢ğŸ˜¢.
Tumse tumare ladkiya nhi bchaii gyi. Aur din bhar jat jat krke aapas m bhidte rehte ho.
Tumse dilli na gheri gayi. Warna wo brjjbhusan.
Aaj jaat pichde they aur ab bi h ye sabit karwa hi dia tumne gadiye k piche jat likhwane se bahaduri na hoya kare.
Ab thukegi tumpe duniya.. Chori tumari ijjat lutwa ri th. Tmpe kim bi nhh paad ppaey tmm"
59,Haar gye bechare
60,Dhamki mili pahalwano ko aur sab manage kr liya gaya. Ab kuch nhi hone wala sab bhul jayenge dhire dhire.
61,Jaato pr ye boj rhega ki vo apni hi vyavstha se nyay nhi le paaye... Kya fayda jat jat chillane ka jb hum nyaye hi nhi dila pa rhe...
62,Pahlwan jante h kuch nhi kr payenge uska
63,Logo ko ullu bana ke ye sab mahanubhav chal diye apne kaam pr
64,"Ye Bhabhita Fogat naam ki mahila ko Brijh Bhushan se shayd maza nahi aya tha ğŸ˜‚ğŸ˜‚ğŸ˜‚ğŸ˜‚
#shaheenbaghprotest yaad aaya hogha inn behen ke lowde Strike karne waale so called sympathy gainer ğŸ˜‚ğŸ˜‚ğŸ˜‚"
65,à¤‡à¤¨à¤•à¥‡ à¤µà¤¿à¤°à¥à¤¦à¥à¤§ à¤¤à¥‹ à¤¸à¤–à¥à¤¤ à¤à¤•à¥à¤¶à¤¨ à¤²à¥‡à¤¨à¤¾ à¤šà¤¾à¤¹à¤¿à¤ à¤¥à¤¾à¥¤
66,"bina trial khele sirf ek boyt ke baad Okympic jaane ka mauka mil gaya  Yehi to chahte the ye besharm anpad jaahil jaat pehelwan haryana ke.  
Sahi me besharmi karo to aisi. 
Thoo bai inpe aur inke jaiso pe. Kabhi nhi sudharenge ye. Inki soch me ki chotapan hai."
67,"Ye sb drama kr rahe the, inko bs chhut chahiye tha qualifying round se, that's it."
68,Trail se chut mil gyi inko lalchi ghtiya..trail k liye kuch b kr skti h ye
69,Mujhe cricket khelna hai chalo jantar mantar
70,Asli baat yogrshwar ki tumna gool maar di
71,"Saale Teri aukaat kya hai,,, unhone olympic mai medal Jeeta hai,, tu district mai bhi Jeet ke bta de,, baat ke kra hai, pagal"
72,Jaka dekh pura desh inka sath ha
73,Doshi to sarkar dwara bachaye jaa rhe h to kaise doshi bn skte h.... Padhe likhe........ ğŸ˜‚
74,Muje doubt h kyoki ye andolan kahi se lg nahi raha tha.
75,Inko bas trial se chhut chahiye thi mil gayi dharna khatm pati patni sahit puri faugat family qualify ho gye...
76,Sab propogenda faila rahi hai haiâ€¦jab inke sath hua tab complaint nhi ki ab yaha tamasha kar rahi hai
77,Amit shah se meeting ke baad kuch to hua haiğŸ§
78,Ha ha ha ha ha
79,Ye 6 pahalwan Bhasma-sur hai ....junior ke right khaa rahe hai.
80,*à¤†à¤¨à¥à¤¦à¥‹à¤²à¤¨ à¤‘à¤°à¤—à¥‹à¤¨à¤¾à¤ˆà¤œà¤°* à¤¦à¥à¤µà¤¾à¤°à¤¾ à¤¸à¤‚à¤šà¤¾à¤²à¤¿à¤¤ à¤¥à¤¾ à¤•à¥à¤¯à¤¾  à¤†à¤¨à¥à¤¦à¥‹à¤²à¤¨  ?
81,â¤â¤â¤
82,à¤¬à¤¾à¤¬à¤¾ à¤œà¥€ à¤•à¤¾ à¤ à¥à¤²à¥à¤²à¥‚!
83,â€‹@Chaudhary Mitulor chalo dala to ye ho gaya to fir ye bhi bada do ki dalli kon hue apke hisab se ???
84,"â€‹@Chaudhary Mitulor ese to Brij Bhushan 6 baar election jeeta hua hai fir to Brij Bhushan acha banda ho gaya agar Election ke basis par person ko dekh rahe ho to.
Or ese hi Atiq bhi acha banda ho gaya agar election me jeetne ke purpose se dekh rahe ho to."
85,"â€‹@Chaudhary Mitulkyon Bhai ese word kyon uske liye ??? Kya usne desh ke liye medal nahi jeete kya??
Ya fir sab kuch yahi hai apke liye Jo andolan me bethe the???"
86,Dalla ğŸ˜‚ğŸ˜‚ nambar 1 hai yogeshwer 2 baar bjp se lad ke har gaya 3 baar harenga
87,"à¤à¤• à¤¤à¥‹ à¤‡à¤¨à¤•à¥€ à¤¬à¥‡à¤šà¤¾à¤°à¥‡ à¤¦à¤¿à¤–à¤¨à¥‡ à¤µà¤¾à¤²à¥€ à¤¯à¥‡ à¤«à¥‹à¤Ÿà¥‹à¤œ plz à¤¹à¤Ÿà¤¾ à¤¦à¥‹, à¤¯à¥‡ à¤¹à¤®à¤¾à¤°à¥‡ à¤¦à¤¬à¤‚à¤— à¤ªà¤¹à¤²à¤µà¤¾à¤¨ à¤¹à¥ˆà¤‚

à¤¦à¥‡à¤–à¤¾ à¤•à¥ˆà¤¸à¥‡ à¤…à¤ªà¤¨à¥€ à¤¬à¤¾à¤¤ à¤®à¤¨à¤µà¤¾ à¤²à¥€ à¤†à¤‚à¤¦à¥‹à¤²à¤¨ à¤•à¤°à¤•à¥‡ à¤”à¤° à¤¸à¤¿à¤°à¥à¤« à¤¯à¥‡ à¤²à¥‹à¤— à¤¸à¤šà¥à¤šà¥‡ à¤¹à¥ˆ à¤”à¤° à¤¬à¤¾à¤•à¥€ à¤à¥‚à¤ à¥‡, à¤‡à¤¨à¤•à¥‡ medal original à¤¹à¥ˆà¤‚ à¤”à¤° à¤¯à¥‹à¤—à¥‡à¤¶à¥à¤µà¤° à¤¦à¤¤à¥à¤¤, à¤¦à¥€à¤ªà¤• à¤ªà¥‚à¤¨à¤¿à¤¯à¤¾ à¤œà¥‹ à¤“à¤²à¤‚à¤ªà¤¿à¤¯à¤¨ à¤”à¤° à¤µà¤°à¥à¤²à¥à¤¡ à¤•à¤ª à¤—à¥‹à¤²à¥à¤¡ à¤®à¥‡à¤¡à¤²à¤¿à¤¸à¥à¤Ÿ à¤¹à¥ˆà¤‚. à¤°à¤µà¤¿ à¤¦à¤¹à¤¿à¤¯à¤¾ à¤¨à¥‡ à¤“à¤²à¤‚à¤ªà¤¿à¤• à¤”à¤° à¤µà¤°à¥à¤²à¥à¤¡ à¤•à¤ª à¤¦à¥‹à¤¨à¥‹à¤‚ à¤®à¥‡à¤‚ à¤®à¥‡à¤¡à¤² à¤œà¥€à¤¤à¥‡ à¤¹à¥ˆà¤‚. à¤…à¤‚à¤¶à¥ à¤®à¤²à¤¿à¤•, à¤¸à¥‹à¤¨à¤® à¤®à¤²à¤¿à¤• ,à¤¸à¤°à¤¿à¤¤à¤¾ à¤®à¥‹à¤°à¥‡, à¤…à¤‚à¤¤à¤¿à¤® à¤ªà¤‚à¤˜à¤² à¤‡à¤¨à¤•à¥‡ medal à¤¨à¤•à¤²à¥€ à¤¹à¥ˆà¤‚ à¤”à¤° à¤­à¤¾à¤°à¤¤ à¤¸à¤°à¤•à¤¾à¤° à¤¨à¥‡ à¤¦à¤¿à¤²à¤¾à¤¯à¥‡ à¤¥à¥‡ 
à¤”à¤° à¤µà¤¾à¤¹ à¤°à¥‡ govt à¤¸à¤¿à¤°à¥à¤« à¤‡à¤¨ 3+3 à¤•à¥‹ à¤›à¥‚à¤Ÿ à¤¦à¥€"
88,"@dil k alfaaz are oh Bhai National level ke Nay Nay player har saal teyar hote hai.
Junior ko mauka Dena band kar de kya???
Mtlb tumhe sirf itna samgh nahi aa raha hai kya ki games me sab barabar ho kar khelne chaiye.
Or inke level ke or bhi kai pahalwan hai to sirf chhut sirf inko hi kyon???"
89,â€‹@Pardeep Sharmavo log national champion h trial kitni hi bdi baat hogi unke liye ...thoda to dimag lgao
90,"â€‹@sunil rehniwalfir khul kar kyoki nahi kaha inhone ki hume trail me special treatment nahi chaiye.

Khud se mana kar dena chaiye tha ki hume trail me chhut nahi chaiye.

Jabki inke phle ke interview me inhone saaf kaha hua hai ki trail na karaye jaye humse itne"
91,à¤¨à¥à¤¯à¥‚à¤œà¤¼ à¤¤à¥‹ à¤ªà¥à¤°à¤¾ à¤¸à¥à¤¨ à¤²à¥‹
92,à¤›à¥à¤Ÿ à¤¨à¤¹à¥€ à¤®à¤¾à¤‚à¤—à¥€ à¤¸à¤®à¤¯ à¤®à¤¾à¤—à¤¾
93,Bhagwan v uper se dekh rha h tmko dimag dena bhul gya
94,brij bhusan ka bhusan kat doğŸ¤£ğŸ¤£ğŸ¤£
95,Farzi case... Aaj kal adhiktar mahila fake case lagane me expert ho gyi hai..
96,Trial me chhut chaiye thi isliye hi Dharma tha or govt ne ye demand poori kar di hai inki.
97,Bhai unko trail me chut mil gai hai Unko yahi chahiye tha
98,Trail mil to gyi
99,Muhammad ne safiya ke sath kya kiya???
100,Muhammad ke raj me 6 saal ki ladkio ki shadi hoti thi vo Rajya bhi kesa hoga tirğŸ˜‚ğŸ˜‚
101,kaash sare puncture putro ki freedom of speech k naam p propaganda failane ki azaadi bhi khatam kr de BJP.
102,Pahalwano Dharna khatam mat karo Lund Namaziyo ko bahut ummid hai tumse Kahi Dukh me Lund Namazi Puri Lulli hi Naa kaat le ğŸ˜€ğŸ˜€
103,Kisano ko msp mil gai ab apke wade poore honge........
104,Manthra is happy nowğŸ˜‚
105,Bas... Nikal gayi hawa.ğŸ˜‚
106,Funding band ho gayi bs khatam pradarshan
107,à¤®à¤¤à¤²à¤¬ à¤ªà¥à¤°à¥‹à¤ªà¤—à¥‡à¤‚à¤¡à¤¾ à¤¥à¤¾ à¤«à¥‡à¤² à¤¹à¥‹ à¤—à¤¯à¤¾ ğŸ’¯â˜‘ï¸
108,"â€‹@sunil rehniwalà¤‡à¤¨à¤•à¥‡ à¤ªà¤¾à¤¸ à¤•à¥‹à¤¨à¤¸à¤¾ à¤ªà¥à¤°à¤®à¤¾à¤£ à¤¹à¥ˆ, à¤¯à¥‹à¤¨ à¤¶à¥‹à¤·à¤£ à¤•à¤¾,"
109,â€‹@Chaudhary MitulAgar aarop sachche hote toh voh ladai krti lekin isko piche se paise khilwae the abhi pta chl gya he
110,Oh ğŸ˜‚ğŸ˜‚ andhbhagat ğŸ¤£ğŸ¤£ sarkar bjp ki pais congress paisa dengi ed cbi kha gayi fir ğŸ¤£ğŸ¤£
111,Kya evidence hai tumare pass ğŸ˜‚
112,Abe sale wahi to bol raha hu ğŸ˜‚ğŸ˜‚ğŸ˜˜
113,à¤¸à¤¬à¤•à¥‹ à¤ªà¤¤à¤¾ à¤¹à¥ˆ à¤‡à¤¨à¤•à¥‡ à¤ªà¥€à¤›à¥‡ 17 à¤µà¤¿à¤ªà¤•à¥à¤·à¥€ à¤¦à¤² à¤¹à¥ˆà¤‚ à¤®à¥‹à¤¦à¥€ à¤¸à¤°à¤•à¤¾à¤° à¤•à¥‹ à¤—à¤¿à¤°à¤¾à¤¨à¥‡ à¤•à¥‡ à¤²à¤¿à¤ à¤¹à¥€ à¤¯à¥‡ à¤«à¥‡à¤• à¤ªà¥à¤°à¥‹à¤ªà¥‹à¤—à¥‡à¤‚à¤¡à¤¾ à¤•à¤¿à¤¯à¤¾ à¤—à¤¯à¤¾ ğŸ™„ğŸ™„ğŸ™„
114,Mudi hai toh mumkin hai ğŸ˜ŠğŸ˜Š
115,Janajr
116,What so sad video
117,Pooor themğŸ˜¢ğŸ˜¢ğŸ˜¢ğŸ˜¢
118,Yelog pura duniya me india ka naam roushan kiya h  or inlogo k sath aysa bartao wo v khud k izzat ko surakshit rakhne k liye ye log utre the but chiiii is sarkar ko.
119,Bc fuddu police punhab ayo tuanu dsde aa kida hath payida saleo kudi nl jyadti krde fuddu govt
120,I am very shameful to see this video Jo women and men wrestler Hamare Desh Ke Liye Olympic gold medal Jeet ke a rahe hain unke Sath Itna bura ho raha hai unhone Olympic medal jitne Hamara Desh Ka Naam Roshan Kiya Ham unke Sath Aisa kar rahe hain shameful to see this video very very simple
121,Is topic ko aaise ignore Kiya jaraha hai jasie kuch huva he nahi  !
122,Bad example is created by the govt always will be rememberedğŸ˜®
123,ğŸ˜ƒğŸ˜ƒğŸ˜ƒğŸ˜ƒğŸ˜ƒ
124,Wah maja aa gaya kutto ko gasit ke hataya gayağŸ˜‚ğŸ˜‚ğŸ˜‚
125,Chandra shekhar ko pm banao tab sab badlega
126,First time modi per gussa aarha h ....buddya nikal rhi h ......inka bhi nash hoga ek din....bhagwan shukh dete hain Paisa dete hain lekin Jo iski kadar nhi krta usse bhot jaldi uski aaoukat bhi dikha dete hain.....
127,Shame on gov
128,ğŸ˜¢
129,My dream is to be a footballer but I  born in India ğŸ˜¢
130,Acha hua ğŸš©
131,"Shaheen bag ke waqt hans rahe the aur aaj ro rahe ho.
Waqt sab ka aata hai"
132,Hii
133,"Desh ki shan hai khiladi par modi ji  ko apani  garaj ke hisab se baat karni hai 
....
Ye hi khiladi hai jo medal laye the tb modi ji Bolte  ye to meri femily hai par aaj duniya me jitna desh ka naam ho raha hai utna hi kharab  .


......


Plzzz shopport our chempiyans ğŸ™ğŸ™ğŸ™ğŸ™ğŸ™ğŸ™ğŸ™ğŸ™ğŸ™ğŸ™ğŸ™ğŸ™ğŸ™"
134,"Dekho yaar hamere ladies police bhi desh ki sherani h,keval pahalwan ladkiya nhi"
135,Shame shame
136,à¨‡à¨¹ à¨¹à©ˆ à¨‡à©±à¨œà¨¼à¨¤ à¨”à¨°à¨¤ à¨¦à©€ à¨‡à¨¡à¨¿à¨†à¨¼ à¨µà¨¿à©±à¨š
137,This is india i mean randistan Salo dosro ky desh mein bolny sy phly Aurat ke ezat krna sekho bsdk lant aise government py
138,Shem on uhğŸ˜¢
139,Kitni sharam ki baat hai bhai
140,How slim female police is trying to stop agitation and trying their best to arrest the OLYMPIAN GOLD MEDALISTS WRESTLERS. ğŸ˜‚  **SYESTEM   CREATING    ALL   DRAMA   TO GIVE   LONG   TERM    BENEFIT   TO    BJP. ğŸ˜‚ğŸ˜‚ğŸ˜‚ğŸ˜‚ğŸ˜‚
141,Ab bhi sharam nhi aa rhi PM koğŸ˜¡ğŸ˜¡ğŸ˜¡ğŸ˜¡
142,Janta ki Adalat ğŸ–¤âœ–ï¸Â®ï¸âœ–ï¸
143,"In india talent's is waste thats the  sad reality
I hope if i had a rebirth i dont want to be indian"
144,Ye hai bjp ki sarkar hmare desh ke wrestlers ko kaise gasita ja rha h ğŸ˜“ğŸ˜“ğŸ˜“
145,Hm smjhty thy pakistan mn foj hmn marti h ğŸ˜‚ğŸ˜‚ğŸ˜‚ğŸ˜Š
146,A sahi trika hai femus hone ka.aur bina trial diye olampike khelne ka.
147,Its india no matter who you are ğŸ˜¢
148,Shame on you bjp modi
149,If you want to support terriosts vote for congress
150,Wahhhh...Mera Bharat ......mahaaaaaaaan
151,what is happening here please someone explain me
152,Shame!!!
153,I'm big supporter of current gov ğŸ™ğŸ™ğŸ™ğŸ™
154,BJP hai to mumkin haiğŸ˜‚ğŸ˜‚ğŸ˜‚ğŸ˜‚
155,Modi raj zindabadğŸ˜‚ğŸ˜‚ğŸ˜‚
156,"à¤°à¤¾à¤œà¤¨à¥€à¤¤à¤¿ à¤®à¥‡à¤‚  à¤à¥‚à¤Ÿ à¤¬à¤¹à¥à¤¤ à¤¹à¥ˆ
à¤†à¤¦à¤° à¤•à¤® à¤¹à¥ˆ à¤²à¥‚à¤Ÿ à¤¬à¤¹à¥à¤¤ à¤¹à¥ˆ"
157,Ab sach m lag rha h Bharat m mahilao ki respect nhi hoti.  In respected wrestler ne hamare desh k liye mehnat kar k gold laye h please respect ğŸ™ğŸ™ğŸ™
158,Olympic medal jeeta iska matlab ye nhi ki logo ko manipulate karke politics mei enter kar le
159,Desh khatre mein hai
160,Wow itne police protest ko rok rahe hai itne log kaha the jab khule aam madar huya shakshi ka
161,Ye indian kuttun ki okaat hy jo larki k rights ki batain krte hn
162,And Indians say that they are proud of themselves ...woww
163,Ek tharaf hamari new parliament ka shubh aarambh hua ha bahi ye hamare des ke world most precious sports players ke satha kya ho rha ha bahi yha ek agar tik tok ya reel walae star hote to sab apni story or bhi bohot kuch karte but abhi nhi kaenge
164,Khud apni bezati karane pe lagi hai...unko khud uth le chalna chahiye tha aur akad ke bolna tha ki don't u dare to touch us.....to kisi ki himaat na hoti ghaseetne ki..ğŸ˜‘
165,Desh Ki Beti Hoon ke sath kya ho raha hai BJP ke Raj meinğŸ˜”ğŸ˜°ğŸ˜¥ğŸ˜¢ğŸ˜­
166,Media wale be like : content nhi jana chahiye ğŸ˜‚
167,Jagjao Gandvo ib bhe salo ak thari bhana. Gel bhe nu hoga jb jago ge .ğŸ˜¢
168,If the same thing happened to cricketers the social media would have been on fire
169,Please stop voting for BJP. BJP will destroy this country.
170,Bjp ğŸ–•
171,ğŸ˜¢ğŸ˜‚ğŸ˜‚ğŸ˜‚
172,ğŸ˜‚ğŸ˜‚ğŸ˜‚ğŸ˜‚ğŸ˜‚ğŸ˜‚ğŸ˜‚
173,Dilli kisi v cheez k liye safe nhi j
174,"The world no 1 democratic country ', non of the indians should comment proud to be an indian in any video after this"
175,From this incident non of the indians should comment about any western countries and their problem
176,Ye bahut galat ho raha h
177,Shame shame shame...i just want to leave this country
178,"Chaar gali likkne ka mann kr rha hai police walon ko,  shame on Delhi police & BJP govt,  2024 me dekhte hai kaise tmhari jeet hogi..ğŸ¤¬"
179,Shame on lindusâ˜•ğŸ˜‚ğŸ˜‚ğŸ˜‚
180,wa kya beti bachau seen hai agar me hota na waha pe to me in dalali police ko hi mar ta aur sikha ta ki tere ko desh jaanta ko rakhsa kar ne ke liye bana ya ye bardi kyu diya hai
181,These is India the face of indian government
182,Delhi is capital u fool ğŸ˜‚ Capitol me hamesa rulling party ka hi raaj chalta he jo ki bjp keğŸ˜‚
183,Delhi police and government  ğŸ‘
184,Bjp neta bijbhusan raped this girls
185,"Dude what is this are these girls mad. 
This is no way one should behave . If you want justice then you also need to cooperate. 
I really was supporting them but the way they are behaving is not praiseworthy."
186,"in 2020 tokyo olympics,  China got 38 gold medals and India only 1 
thanks to govt."
187,Ye sb ho kyaa rha h muje to smjh ni aayağŸ˜‘
188,Who is in the orange t
189,Gheen aa Rahi hai mujhe aisi sarkar se ye sarkar kisi ki nhi mujhe lagta tha ye sirf musalmano ka dushman hai bt Aisa nhi hai ye sirf apna fayda sochte hain or baki logo me khoon kharab chahte hain
190,"Wtf
How they can treat a sportsmen like thisğŸ˜“"
191,Shame on bjp government this happened with everyone soon if Indian not take any action to change this bjp government
192,Shame on our government
193,"à°°à°¾à°œà±à°¯à°¾à°‚à°—à°¬à°¦à±à°§ à°ªà±à°°à°œà°¾à°¸à±à°µà°¾à°®à±à°¯ à°¹à°•à±à°•à±à°²à°¨à± à°…à°£à°šà°¿à°µà±‡à°¯à°¡à°¾à°¨à°¿à°•à°¿,

à°‡à°¦à°¿ à°ªà±à°°à°­à±à°¤à±à°µà°‚ à°šà±‡à°¸à±à°¤à±à°¨à±à°¨ à°—à±à°‚à°¡à°¾ à°—à°¿à°°à°¿ à°¨à±‡à°°à°‚ à°•à°¾à°¦à°¾ ?

à°ˆ à°ªà±‹à°²à±€à°¸à± à°¬à°²à°—à°¾à°²à°¨à± à°…à°•à±à°•à°¡à°•à± à°ªà±à°°à°®à°¾à°¯à°¿à°‚à°šà°¿à°¨ à°…à°§à°¿à°•à°¾à°°à±à°²à± à°°à°¾à°œà±à°¯à°¾à°‚à°—à°¾à°¨à±à°¨à°¿ à°¦à°¿à°•à±à°•à°°à°¿à°‚à°šà°¿à°¨ à°¨à±‡à°°à°¸à±à°¤à±à°²à± à°•à°¾à°¦à°¾ ?

à°ˆ à°µà±€à°¡à°¿à°¯à±‹ à°¸à°¨à±à°¨à°¿à°µà±‡à°¶ à°†à°§à°¾à°°à°‚à°—à°¾ à°¨à±à°¯à°¾à°¯à°µà±à°¯à°µà°¸à±à°¥ à°¸à±à°®à±‹à°Ÿà±‹à°—à°¾ à°¨à±‡à°° à°µà°¿à°šà°¾à°°à°£ à°œà°°à°ª à°µà°²à°¦à°¾ ?.

à°¨à±à°¯à°¾à°¯à°µà±à°¯à°µà°¸à±à°¥à°¨à± à°ªà±à°°à°œà°¾à°ªà±à°°à°¤à°¿ à°¨à°¿à°§à°¿ à°¹à±‹à°¦à°¾à°¨à± à°•à°¬à±à°œà°¾ à°šà±‡à°¸à±à°•à±Šà°¨à°¿ à°•à±‚à°°à±à°šà±à°¨à±à°¨ à°µà°¾à°°à±, 

à°¨à±à°¯à°¾à°¯à°µà±à°¯à°µà°¸à±à°¥à°¨à± à°­à°¯à°‚ à°†à°‚à°¦à±‹à°³à°¨à°²à± à°•à°²à°¿à°—à°¿à°‚à°šà°¿ à°ªà±à°°à°­à°¾à°µà°¿à°¤à°‚ à°šà±‡à°¸à±à°¤à±à°¨à±à°¨ à°¸à±à°¥à°¿à°¤à°¿ à°²à±‡à°•à±à°‚à°¡à°¾, 

à°¨à±à°¯à°¾à°¯à°µà±à°¯à°µà°¸à±à°¥ à°ªà±‚à°°à±à°¤à°¿ à°¸à±à°µà±‡à°šà±à°›à°¾ à°¸à±à°µà°¤à°‚à°¤à±à°° à°ªà±à°°à°¤à°¿à°ªà°¤à±à°¤à°¿ à°•à°²à°¿à°—à°¿ à°‰à°¨à±à°¨à°¦à°¾? 

à°ªà±à°°à°œà°¾à°ªà±à°°à°¤à°¿à°¨à°¿à°§à±à°²à±à°—à°¾ à°ªà°¾à°²à°¨ à°…à°§à°¿à°•à°¾à°°à°¾à°²à± à°šà±‡à°ªà°Ÿà±à°Ÿà°¿à°¨ à°µà°¾à°°à°¿ à°‡à°·à±à°Ÿà°‚ à°µà°šà±à°šà°¿à°¨ à°ªà±à°°à°®à°¾à°¯à°¿à°‚à°ªà±à°²à°¨à±, 

à°…à°®à°²à± à°šà±‡à°¯à°Ÿà°¾à°¨à°¿à°•à°¿ à°®à±à°‚à°¦à±, à°ˆ à°ªà±à°°à°®à°¾à°¯à°¿à°‚à°ªà± à°°à°¾à°œà±à°¯à°¾à°‚à°— à°ªà±à°°à°µà±‡à°¶à°¿à°• à°¸à°¾à°°à°¾à°‚à°¶ à°¬à°¦à±à°§à°®à±ˆ à°‰à°¨à±à°¨à°¦à°¾? à°ªà±à°°à°¤à°¿à°•à±‚à°²à°‚à°—à°¾ à°‰à°¨à±à°¨à°¦à°¾? 

à°…à°¨à°¿ à°ªà°°à°¿à°¶à±€à°²à°¿à°‚à°šà°µà°²à°¸à°¿à°¨ à°¬à°¾à°§à±à°¯à°¤ à°°à°¾à°œà±à°¯à°¾à°‚à°— à°¯à°‚à°¤à±à°°à°¾à°‚à°—à°ªà± à°…à°§à°¿à°•à°¾à°°à±à°²à°•à± à°²à±‡à°¦à°¾?

à°ªà±à°°à°œà°¾ à°ªà±à°°à°¤à°¿à°¨à°¿à°§à±à°²à°¨à± à°¸à°‚à°¤à±‹à°· à°ªà°°à°šà°Ÿà°®à°¾ à°¯à°‚à°¤à±à°°à°¾à°‚à°—à°‚ à°…à°§à°¿à°•à°¾à°°à±à°² à°¬à°¾à°§à±à°¯à°¤ ?

à°¯à°‚à°¤à±à°°à°¾à°‚à°—à°‚à°²à±‹à°¨à°¿ à°‰à°¦à±à°¯à±‹à°—à±à°²à±, à°µà°¾à°°à°¿ à°…à°§à°¿à°•à°¾à°°à±à°²à±, à°°à°¾à°œà±à°¯à°¾à°‚à°—à°¬à°¦à±à°¦à±à°²à±ˆ,  à°µà°¿à°§à±à°²à± à°¨à°¿à°°à±à°µà°¹à°¿à°‚à°šà°Ÿà°‚ à°•à±‹à°¸à°®à±‡ à°•à°¦à°¾, 

à°µà°¾à°°à°¿à°•à°¿ à°œà±€à°¤à°­à°¤à±à°¯à°¾à°²à± à°µà°¨à°°à±à°²à±à°—à°¾ à°ªà±à°°à°œà°¾à°§à°¨à°‚ à°‡à°¸à±à°¤à±à°¨à±à°¨à°¦à°¿ ?

à°°à°¾à°œà±à°¯à°¾à°‚à°— à°ªà±à°°à°µà±‡à°¶à°¿à°• à°¸à°¾à°°à°¾à°‚à°¶à°¾à°¨à°¿à°•à°¿ à°¨à±à°¯à°¾à°¯à°‚ à°šà±‡à°¯à°•à°ªà±‹à°¤à±‡,l à°à°‚à°¦à±à°•à±‹à°¸à°‚ à°‡à°¸à±à°¤à±à°¨à±à°¨à°Ÿà±à°²à± ?

à°•à°¾à°²à±‡à°œà±€à°•à°¿ à°µà±†à°³à±à°²à±‡ à°…à°®à±à°®à°¾à°¯à°¿à°•à°¿ à°¬à°¾à°¡à±€à°—à°¾à°°à±à°¡à± à°µà°¿à°§à±à°²à°•à± à°¨à°¿à°¯à°®à°¿à°‚à°š à°¬à°¡à°¿à°¨ à°µà±à°¯à°•à±à°¤à±à°²à±,   

à°°à±‡à°ªà±, à°ˆà°µà± à°Ÿà±€à°œà°¿à°‚à°—à± à°šà±‡à°¸à±‡ à°µà°¾à°°à°¿à°šà±à°šà±‡ à°¤à°¾à°¯à°¿à°²à°¾à°² à°•à±‹à°¸à°‚, à°²à±‡à°¦à°¾ à°µà°¾à°°à°¿ à°¦à°¾à°¦à°¾à°—à°¿à°°à°¿, à°¦à°¾à°°à±à°•à°¾à°°à±€à°²à°•à± à°²à±Šà°‚à°—à°¿à°ªà±‹à°¯à°¿ à°µà°¾à°°à°¿à°¨à°¿ à°¸à°‚à°¤à±‹à°·à°ªà°°à°šà°Ÿà°¾à°¨à°¿à°•à°¿,

à°ˆ à°¸à°¨à±à°¨à°¿à°µà±‡à°¶à°‚, à°† à°…à°®à±à°®à°¾à°¯à°¿à°•à°¿ à°®à°¦à±à°¦à°¤à±à°—à°¾ à°¸à±à°ªà°‚à°¦à°¿à°‚à°šà°¿à°¨  à°¸à±‹à°·à°²à± à°†à°•à±à°Ÿà°¿à°µà°¿à°¸à±à°Ÿà±à°²à°¨à± à°¨à°¿à°°à±‹à°§à°¿à°¸à±à°¤à±à°¨à±à°¨à°Ÿà±à°²à±  à°‰à°¨à±à°¨à°¦à°¾ ? à°²à±‡à°¦à°¾  ?"
194,Shame on the gov and police
195,Thu thu thu hai in sab par aisi ghatiya sarkar par ab dar lgne lga hai ki is darti par  surakshit bhi hai ki nhi hum log jb inka ye haal hai jinone apna jivan desh ko de diya to hum jaise aam logo ka kya hoga bhagwan  yhi samya hai aavtar lo darti par aur ktm kardo ye buraai
196,Shame on bjp and chokidar
197,Toot gaya Hindustan
198,Andhbhakt ğŸ˜¢
199,ğŸ˜¢ğŸ˜¢ğŸ˜¢
200,BJP ONGOING ON LAST STAGE IN POLITICS
201,Andbhakts are proud of their supreme leader modi ğŸ˜‚
202,Where is Ritu
203,This is how they treat our WRESTLERS ğŸ’œMay the champions get the justice they deserve ğŸ˜¢
204,No one like our country
205,Drama
206,Sarkar pe dikkar hai yar gold medal  ke sath aisa ho raha ... yar sarkr baith kar bat q nhi karti agar sahi hai to sarkar q bag rahi hai gin aati aaise sarkar aise  kanun pe
207,kahan hai modi dalaal hai tu bolta hai bate pado bate bcho yeh kya hai thats how we treat our champion well done that's  what new india is every parties are fucked up shame on india it a suffocation  to live in such place
208,https://youtu.be/LZo-U8SGBTc
209,https://youtu.be/LZo-U8SGBTc
210,Sabr rak....sab thik hoga... Dek lena..
211,Shame on bjp gov.ğŸ¤®ğŸ¤®ğŸ¤®ğŸ¤®
212,Sab dikhava hai itni charbi chadi hai pahalvan banne ki to jao pakisatan bordar par atankvadiyo ko maro tab mane desh ka naam roshna kiya
213,Shame on you PM. And your Mp
214,WhyğŸ˜‚ modi is viswa guru ğŸ¤¡ğŸ¤£ğŸ˜‚
215,Bloody shame. How can our government treat our sportsman like this? And still they are keeping silence.
216,ğŸ˜¢ğŸ˜¢ğŸ˜¢ğŸ˜¢
217,Abe yea toh kuch bhi nahi ğŸ˜‚ bjp ka neta apne phone ko retrieve krne ke liya dam se pura pani nikal deta he ğŸ˜‚ğŸ¤£
218,"Krdo Raam ko bhi badnam. 
Ye rss aur bjp ek din kutte ki maut maregi.
Aur kha ram ğŸ‘†  ko itni dirty politics se mt match kro .
Ye chilla k jai shree ram bolte h aur 
Yei hijde darbaar me biryaani khate h .
ğŸ¤® aiso ko shaitaan bhi bhagat na bnae.
Jo sbse bade ğŸ¥© beef factory ğŸ­ h 
Wo bhi jai shree Raam wale ..
But ..
.......  spiritually is ğŸ™ŒğŸ™Œ most divine 
My father is Krishna......my father is ram"
219,Ye h hamare desh
220,Jesus is live
221,Disgusting
222,ğŸ˜¢ğŸ˜¢ğŸ˜¢ğŸ˜¢ğŸ˜¢
223,Kesi police h ye .ğŸ‘ğŸ‘
224,POGHAT sisters ka PLAN POPAT hogaya ...FAKE EVIDENCE ...Tote ki tarah sara plan Ugaldiya...Sabkuch POGHAT family ka plan tha...Ab hogaya flop
225,What is happening
226,Vinish poghat now she dont hve any base for the protest ..her political and Sports carrier both screwed up...ğŸ˜…ğŸ˜…ğŸ˜…ğŸ˜…
227,"BJP rapist..... Shame on Modi.. 
Shame on Delhi Police..."
228,"Shame on PM... 
Shame on Delhi Police"
229,Bjp getout india
230,Peaceful cow communityğŸ¤£
231,Shame on govt
232,Ab kahan gaye vo Delhi ki tarif krne wale?
233,Shame on Delhi
234,Delhi hai hi aisi jagah waha na humesha ladkiyon ke sth hi nahi ladko ke sth bhi glt hone ki khabar ati rhti hai no one is safe thr
235,"Innocent people through out India has been treated like animals, who is the master mind?"
236,"Sharm karo modi ki maa ,aapne mauga ko paida kiya hai"
237,Police wale ka bhi zameer mar gaya hai
238,Shame on our system how they treat  a women
239,"Thuu à°¸à°¿à°—à±à°—à± à°²à±‡à°¦à± à°ªà±‹à°²à±€à°¸à± à°µà°¾à°³à±à°³ à°•à°¿ à°à°¦à°¿ à°®à°‚à°šà°¿ à°à°¦à°¿ à°šà±†à°¡à±à°¡ à°¤à±†à°²à°¿à°¯à°¡à°‚ à°²à±‡à°¦à±. Shemless. à°®à±‹à°¡à±€ à°—à°¾à°¡à± down, down, down à°µà±€à°¡à± à°šà±€à°¤à±à°¤à±, à°šà±€à°¤à±à°¤à± à°—à°¾ à°“à°¡à°¿ à°ªà±‹à°µà°¾à°²à°¿"
240,Kya ho gya is deshavaasiyon ka ğŸ˜¢ ?
241,Bhai isiliye indai ke pass itne jyada medals h
242,We want justice
243,What were they protesting about?
244,Shame On Kejruiddin
245,Police â˜•â˜•
246,SHAME ON INDIA!!!!!!!!!!!!!!!!!!!!!!!!!
247,Its still a subjective to declare . who is the culprit because there is no clear evidence. I think police are doing their job  and the situation is rightly handled by police as their duty.
248,"Good Job ğŸ‘ğŸ˜
...THESE Khalistani deserve good treatment ğŸ—¿ğŸ—¿ğŸ—¿ğŸ—¿ğŸ—¿ğŸ—¿ğŸ—¿ğŸ—¿ğŸ—¿ğŸ—¿ğŸ—¿ğŸ—¿ğŸ—¿ğŸ—¿ğŸ—¿ğŸ—¿ğŸ—¿ğŸ—¿ğŸ—¿ğŸ—¿ğŸ—¿
Respect ğŸš©ğŸš©ğŸš©ğŸš©ğŸš©ğŸš©ğŸš©ğŸš©ğŸ•‰ï¸ğŸ•‰ï¸ğŸ•‰ï¸ğŸ•‰ï¸ğŸ•‰ï¸ğŸ•‰ï¸ğŸ•‰ï¸ğŸ•‰ï¸ğŸ•‰ï¸ğŸ•‰ï¸ğŸ•‰ï¸ğŸ•‰ï¸"
249,MC hai modi sala bas tax laga rha Hindu Muslim me ladai krva rha hai andar se bharat ko khokla kr rha
250,Biggest shame on Modi ğŸ˜¶ğŸ¤¬
251,those cops are so skinyyy l0ollllllllllllllllll they nmever get hired in USA hahahahaha
252,Very bad image very shameful for our nation.this is not happened ever before 20 years in my life.
253,ğŸ˜¢ğŸ˜¢ğŸ˜¢ğŸ˜¢ğŸ‰
254,Down down down modi
255,"Kitna paisa khaya hai, rapist ki ga*nd chatne ka"
256,Abbe hindi bol na nahi aata hai kay
257,ğŸ˜¢ğŸ˜¢ğŸ˜¢ğŸ˜¢ğŸ˜¢
258,"Such a Shame to great INDIA,NEver seen or heard of sportsmen treated these way"
259,Shame on you
260,"In policewaliyo ke sath bhi aisa hi ho,
aur us din inki bhi koi naa sune."
261,"Shame on Delhi police a wrestler is treated like this and we will not give vote to bjp next time I the party is not able to see his member  
Mistake shame on democracy  that a girl don't have right for raising her voice than what is meaning of democracy  and the girl is a wrestler not any simple"
262,Tum lok India ke ho ya Pakistan ki ukrean me fight ke time p jo bharat ke jhanda lekhe rahega aur bharatiye bol3ge unko sahidhilamat Ghar pe chod Diya jayega bol rahe the lekin ye hamare desh me hi Jo bharat ke jhande pakde hue hai unko aise bhlyabhahar mereko tho thik Nehi lagta upar se ye log international level pe bhart ko represent karte hai dhik hai tumhare jiban par dilhi police. U don't have humanity and at last I want to say best of luck keep it up and aise hi karte raho police is for people is proven wrong by you u all are for the politicians and the rich mans others always get punished by you chi chi.
263,Aaj agr Ghandhi ji zinda hote aur yh dekhte to unhe bda afsos hota ki jis desh ki san maan ko unhone apne khoon se banaya ....aj usi bharat mata ke desh me usi ke bacchi ke sath asa ho rha h....bhagavan un delhi police ki atama ko kbhi santi .mt de
264,Cm se pm tak sab harami hai
265,Ye bahut kharab bat hai. Apradhi ko bachane ke liye Apne India ke players ko sata rahe hai. Unhe nyay dene ke badale yeh saja. Galat bat hau
266,I will never vote for BJP after watching thisğŸ˜¢ğŸ˜¢ğŸ˜¢
267,"North people you needed this..... beacuse you choosed  BJP  ....take the consequences 

In Tamilnadu bjp fukkklğŸ‘¹ğŸ‘¹ğŸ‘¹ğŸ‘¹ğŸ‘¹ğŸ‘¹ğŸ‘¹ğŸ‘¹"
268,"This is a reality of Government , whole world are same you.. and our PM  travel a world tour.."
269,Vinesh fogat ki notanki
270,"ğŸ˜¢ğŸ˜¢ are country very waste please save
 the girls ğŸ˜¢ğŸ˜«"
271,à¤¬à¥‡à¤Ÿà¥€ à¤¬à¤šà¤¾à¤“à¥¤ à¤¬à¥‡à¤Ÿà¥€ à¤¬à¤šà¤¾à¤“à¥¤ à¤à¤• à¤¬à¥‡à¤Ÿà¥€ à¤•à¥‡ à¤¸à¤¾à¤¥ à¤‡à¤¤à¤¨à¥‡ à¤²à¥‹à¤—à¥¤ à¤®à¤° à¤œà¤¾à¤¯à¥‡à¤—à¥€à¥¤ à¤›à¥‹à¤¡à¤¼ à¤¦à¥‹ à¤à¤• à¤¤à¥à¤® à¤‡à¤¤à¤¨à¥‡ à¤¸à¤¾à¤°à¥‡
272,It's their fault... They should have kept in mind that this is india.... Where nonsense are entertained but some serious issue are denied
273,India will never become like foreign country
274,Please respect humanity
275,Bhaisaab ladies police bhi nhi he unka to touch karne ka bhi hak nhi he lekin ye to bahut galat ho raha he ğŸ˜®
276,Modi gov shame on you
277,Aaj mai bahut dukhi hu ye dekh ke ki jo. Log desh ka name roshan kiye bahar jaker unke sath aisa ho raha hai ğŸ˜¥ğŸ˜¥ğŸ˜¥ğŸ˜¥ jo log power mai plz enka shath digiye enke shath aisa nahi hona chahiye plz
278,ğŸ˜¥ğŸ˜¥ğŸ˜¥ğŸ˜¥ğŸ˜¥ğŸ˜¥ğŸ˜¥aisa mat karo aap log ye woman's ke  liye hi lad  rahi hai koe aap log bhi beti hai kisi ki plz aisa mat kariye
279,It's really shameful how they treat ğŸ˜¢
280,"Really shame on police  ,, my god this country is messed up .."
281,All politics
282,What is mean by police
283,india is developing very well
284,proud to bean indian
285,"This time I'll go with congress, enough of Lotus"
286,Really shameful thing did by police
287,It's very wrongğŸ˜¢
288,Life me des ke liye kuch karane pahele sochana padega
289,Shame on Delhi police for treating them this way.. They are not criminals itna strict criminals k sath hote toh better hota humare lye.. Kitni aawazein daboge aur kab tak.. Ek ko uthane k lye 8-10 log laga rakhe hain chhiii.. Force itni rapist ko utha kr jail mein daalne mein laga dete.. Sportsman hain they deserve respect... ğŸ˜‘ğŸ˜•
290,Shame shame shame on Delhi police and bjp
291,Pura desh sirf hindu muslim krte raho inki taraf dhyan mt do koi
292,What is this nonsense they are our proud....
293,This is the reality of our country ğŸ˜­ğŸ˜­ğŸ˜­
294,Modi Modi modi modi modi modi ğŸ˜‚ğŸ˜‚ğŸ˜‚ğŸ˜‚ğŸ˜‚
295,Aise bachate hai betiyo ko pm ji.          Beti bachao beti padao all was useless Modi ji
296,Pathetic
297,Mujhe lagta ha yeh sports person bhi khalistani ha  hme toh terrorist bana diya jab punjab k log protest karne aae the .  Hindu sach me khatre me ha.ğŸ™ğŸ™
298,Shame on modis govt ğŸ˜¢
299,It's not going to sports person she and he was doing hard work for our country I support him because I am also a sports person
300,Shame on bjp
301,What is happening PM sir it sends wrong signal
302,What the f* is happening man....They are respected sportsman of India....You can't treat them like that. Shame on our Indian police and Government.
303,"à¤¹à¤¾à¥˜à¤¿à¤® à¤•à¥‹ à¤‡à¤• à¤šà¤¿à¤ à¥€ à¤²à¤¿à¤–à¥‹ à¤¸à¤¬ à¤•à¥‡ à¤¸à¤¬, à¤²à¤¿à¤–à¤¨à¤¾ à¤¸à¤¿à¤°à¥à¤« à¤‡à¤¤à¤¨à¤¾ à¤•à¥‡ ""à¤²à¤¾à¤¨à¤¤ à¤¹à¥ˆ """
304,Dogs are beter ..... Shame on u ......ğŸ˜¢ğŸ˜¢ğŸ˜¢ğŸ˜¢
305,"These Wrestlers have no shame,put them in jail"
306,These wrestlers have no shame
307,What can be done?
308,Very much shameful on BJP salute to our wrestlers
309,"Shame on bjp and our country ğŸ˜®ğŸ˜®
Tum wrestler's Russia ke side se ladna next time se .....(my heart)ğŸ˜‚ğŸ˜‚ â¤â¤"
310,now say that PAKISTAN IS FATHER OF INDIA ğŸ‡µğŸ‡°ğŸ’ªğŸ‡µğŸ‡°ğŸ’ªğŸ˜¡
311,Jaise chintiyan apna bhojan leke jaari hoti hainğŸ˜ğŸ˜‚
312,That's why a third world country remains a third world country and never gets the opportunity to win gold medal. Shame on pm of india.
313,BJP andhvatkt avi khush ho vai....dekho desh ko kaha khara kar diye tum log
314,Chinta mat karo yeh din  uska bhi ayegaaa
315,These corrupt politician and police are exploiting the country and good people . I wish all politician try to become like yogi Aditya Nath.
316,Use ledka ne pakad rakha tha uske upper case Kiya jae please
317,"I never felt same on being myself Indian, today i did."
318,Woww
319,How shame ......
320,Shameful and feeling regret over being an Indian   no other words can come into my mind.
321,Shame on u Delhi government
322,Shame on you bjp nd Delhi police
323,ğŸ˜ ğŸ˜ ğŸ˜ ğŸ˜ ğŸ˜ 
324,This is big shame
325,Shame on My honorable dogla BJP
326,Same on Delhi police and BJP
327,Ek sher k sath hazaro gidar !
328,BJP ne aplya matichi ...aplya deshachi vat lavayla suruwat Keliye..shame on BJP and Delhi police.. shame on you...
329,Sports man Jo Desh ke liye medal late hai unse aise behave aise karoge to medal layenge kuch nahi  leke aayenge ğŸ‘¿ğŸ‘¿ğŸ‘¿ğŸ‘¿ğŸ‘¿
330,Shame The police and shame our Govt
331,Justice for wrestlersğŸ™Œ
332,Jago indians saath aao bjp hatao
333,Dande Lagane Chahiye the Bina Permission ke protest Karoge to yahi hoga ğŸ˜‚ğŸ¤£ğŸ¤¡
334,What govt is doing don't know aise case me govt gayab hi ho jati hai
335,Shamefull ğŸ˜”
336,à¤²à¤¾à¤²à¤¤ à¤¹à¥ˆ à¤à¤¸à¥€ à¤¸à¤°à¤•à¤¾à¤° à¤ªà¤°
337,Bloody rascals delhi police..and also brij bhooshan....
338,Mera bhi
339,Very very shame India and rulingvparty BJP
340,These wrestlers are now using their medals to blackmail the govt... What a shame.
341,Shame on police and BJP Government
342,Sona chikâœ¨
343,I felt so bad watching this..This is not what our laurels deserve..they are our pride and watching them in this condition on road is a shame for us !
344,BJP GovtğŸ‘ğŸ‘ğŸ‘
345,Modi ka time pura ho gya hai use ab Jana hoga....
346,ğŸ˜‚hahahahaahaha
347,Shame on Delhi police and BJP ğŸ¤¬ğŸ˜¡
348,This is just a beginning. Believe me no one is safe if there is no law and order and its almost distroyed in India. Wait for 5 more year.
349,"Desh ke liye medal laneke baadbhi ye milta hai kya?  
Congratulations champions for the treatment ! 
Lwogeeee ab medal India keliye?"
350,In our India  current judicial systems should be scrap because this only favorable ladies We need unbiased judicial systems Justice for men's also Good India future India is the best place
351,In our India we need unbiased judicial systems Unbiased police systems Unbiased political systems Unbiased election systems Unbiased media systems Good India future India is the best place to
352,Nowadays fake dowry case fraud rape case against men's increased enormously blackmailing for money to protect the honesty and dignity of our systems we need unbiased judicial systems Justice for men's also Good India future India is the best place
353,Ye nh dekiyga modi ka kutty bhrwa y haal h
354,Yai desh khtm h lg rha h yaha surbnas ho rha h din prtidin shrm aani chahiye k neta logo ko
355,Great bad player
356,I don't like police
357,I shame on i'm indian
358,Shame on modi desh me jha bhi BJP ki sarkar hai vha gribo girls ladies aur km smzne wali jat dharm k logo k sath aise hi bura brtav hota hai unka shoshn kiya jata hai aise me BJP k neta gunge behre  ho jate hai kisi dhongi sadhu ya neta pr jb bat aati hai to sb bhaukne lgte hai
359,Shame on the government of the government of delhi and shame on the police as well for ğŸ˜¡ğŸ˜¡ğŸ˜¡ğŸ˜¡ğŸ˜ 
360,ğŸ˜¢
361,At this moment i felt shame as beign a india
362,Govt should shame on it
363,Salute to this news channel....literally no one is showing the protest....respect to the news channel â¤
364,Shame on you modi ji
365,Shame on you govt.
366,Koi mard nahi he kya dilli me itne din se ek atankwadi ko nahi pakar paye wo v brizbhushan jese
367,Wrestlers propaganda destroyed ğŸ‘ğŸ‘ğŸ‘
368,Ye he halat padak lene valoki
369,What is she getting arrested for?
370,Hopeless BJP  government
371,"Welcome to india under Modi. Where criminals roam free and the victim behind bars. Where corruption are encouraged and honest, faithful working people are put behind bars. Now treating champions who brought medals for india, who uplifted india in the face of world sports, who sacrificed so much n at the end harassed and dragged like this is such a shame. Shame on you Modi for allowing this to happen to our champions, shame on you for failing in manipur, shame on you for destroying india.. Step down... How could you do this to our country's pride, the champions.. They deserve to be treated with respect.. Oh why don't you step into the mat with them? Only than u will know how hard they worked for india unlike u."
372,Kya ho rha hai yr ye
373,If I post anything supporting bjp in this page congress war room is going to blast me for sure ! ğŸ˜‚ğŸ˜‚ ....how many fake accounts gonna create my dear congress war room !
374,10 à¤¸à¤¾à¤² à¤¬à¥ƒà¤œà¤­à¥‚à¤·à¤£ à¤•à¤¾ à¤¬à¤¿à¤¸à¥à¤¤à¤° à¤—à¤°à¤® à¤•à¤°à¤¨à¥‡ à¤•à¥‡ à¤¬à¤¾à¤¦...... à¤…à¤¬ à¤®à¥ˆà¤¡à¤® à¤•à¥‹ à¤¹à¥‹à¤¶ à¤†à¤¯à¤¾... à¤•à¤¿ à¤…à¤°à¥‡ à¤®à¥‡à¤°à¤¾ à¤¤à¥‹ à¤¶à¥‹à¤·à¤£ à¤¹à¥‹ à¤—à¤¯à¤¾à¥¤ à¤…à¤¬ à¤®à¥à¤à¥‡ à¤œà¤‚à¤¤à¤°-à¤®à¤‚à¤¤à¤° à¤šà¤²à¤¨à¤¾ à¤šà¤¾à¤¹à¤¿à¤à¥¤ ğŸ˜‚ğŸ˜‚ğŸ˜‚ğŸ˜‚ğŸ˜‚ğŸ˜‚ğŸ˜‚ğŸ˜‚ğŸ˜‚ğŸ˜‚ğŸ˜‚ğŸ˜‚ğŸ˜‚ğŸ˜‚ğŸ˜‚ğŸ˜‚ğŸ˜‚ğŸ˜‚ğŸ˜‚ğŸ˜‚
375,SHAME ON YOU MODIğŸ¤¬ğŸ¤¬ğŸ¤¬ğŸ¤¬ğŸ¤¬ğŸ¤¬
376,What is this if it is happening for Olympic medal holders then think about normal people..god we don't why we are and what they are and how it could be but you know the factğŸ™ğŸ™ğŸ™pls helpğŸ˜¢
377,Gussa araha hai andar se ğŸ˜¢
378,Agar inke saath aisa bhi ho sakta hai to hum to hai hi konğŸ˜¢ğŸ˜¢
379,Shameless BJP shameless modi where you are culture
380,Desh yaad rakhega ye
381,"Please we need justice ğŸ˜”ğŸ¥º shame on our government, I said we because it for all girls out their face sexual harrasment in our daily life ,"
382,Justice for athletes. This is toomuch. Support from kerala ğŸ‘ğŸ»ğŸ‘ğŸ»
383,King Modi Vs. Democracy.
384,ğŸ˜‚ğŸ˜‚ğŸ˜‚ India
385,Bjpâ˜•
386,Shame on those who had made the comment without knowing the facts. Before commenting on any of our national issue. Pls pls pls check the facts donâ€™t believe in all the videos. Check the police enquiry facts and comment. You are on social media. Not on private network.
387,I'm shocked to see this kind of activities by the security forces. The wrestlers are pride of our country. They deserve to get a minimum respect. What will be the idea about our sportsmen in the international level?
388,I'm shocked to see this kind of activities by the security forces. The wrestlers are pride of our country. They deserve to get a minimum respect. What will be the idea about our sportsmen in the international level?
389,Modi murdabad Full support to our wrestlers jai hind ğŸ‡®ğŸ‡³ğŸ‡®ğŸ‡³ğŸ‡®ğŸ‡³
390,Nautangki wala police
391,Death of democracy.
392,Sab kuch bahut galat ho rha hai
393,Low cast police
394,Not cool police are criminals in uniform
395,Harami log
396,Those who are saying shame on you govt... They shuld face with mirrors with shame for  being a part of anti India toolkit...  I dont support harasment.. but is that a way??? If dont have faith in court go to khap panchayat or talibans court...
397,"They need justice.... 
But no need of judiciary...
Now days roads are place of justice...peoples are judges....
Whatsup, facebook, insta's are public prociquiter...ğŸ˜…ğŸ˜…ğŸ˜‚ğŸ˜‚ğŸ˜‚ğŸ˜‚and  secularist, leftist, separatist are cheerleaders...ğŸ¤ğŸ¤ğŸ¤ğŸ¤"
398,"If we sit on road for justice.... Then what is the propose of court, lawer, judiciary... These systems must shut down... Now we make protest on roads for justice..

Before they struggle for Indias supremacy .... Now they struggle for Indias defamation... #toolkit"
399,I heat my country. India hai hai.BJP hai haiğŸ˜­ğŸ˜­ğŸ˜­
400,Ek ladki ne pura police ki group ko thaka Diya .. Keisha laga..
401,Fuking India
402,Court me jawo didi raste pe baith k kya hoga
403,"wrestler aur brijbhusan dono chizon ko kharab karre hai.. seriously aur isko gandha karri hai congress
1-wrestler ki demand thi bhushan ko presidency se hatao jiske liye committee bani jisme marry com,PT Usha an all ki committee vo ispe investigate kar rahi thi
2- deman change huyi ki isko jail me dalo inhone inhone n charge sheet lagai 154 crpc ye direct supreme court gaye court bola apko 154 lagana padega then inhone 154 lagayi uske baad inka kehna hai jaldi se jaldi isko saja
 it's a serious alligation aur investigation ke 90 days ka period hota hai to inko ruka nhi jara 
3- fir inhone political party ki aur andolan jeevi ko vaha gandagi machane deliya
  
ON THE OTHER SIDE
wrestling federation ka  President maximum 12 saal tk reh skta to brijbhushan ka to vo period over ho gya 

dusra sab khichadi bana rakhi jiska fayada ye vultures utha rahe 
agr galat huya hai to wrestlers ko justice milna chahiye aur wrestlers ko bhi ye political stunt nhi karna chahiye"
404,"This happen only in INDIA. This is how Women are always Treated in INDIA. First make FUN of them and if they Open up, Humiliate them like this."
405,"Shame on this where are the persons who always talk about achhe din...
Where is BJP spokesperson who always argues in news channels ."
406,ğŸ™ğŸ™ğŸ™ğŸ™ğŸ˜¢ğŸ˜¢ğŸ˜¢ğŸ˜¢ğŸ˜¢
407,Thanks indianexprees for your courage of journalism..History will reward you in infinityâ€¦.
408,"Modi gov nhi rhegi abh 
Agr modi ne apne bhrast netao ko nhi hataya to inki gov gyi"
409,BJP raj
410,jab players ki ijjat nagi to desh aage kaise badega
411,Modi bhagata ne hje v modi modi kri jana.....
412,Shame on our government
413,"In 2004 to 2014, when the public fought against the Congress Nirabiya women's sexual crime, they attacked more brutally than this.One thing that people have not understood since then till now is the fact that only that area is heavily guarded and no one is allowed to enter that area.Protesters will not be allowed there."
414,All are motherfuckersğŸ˜‚ğŸ˜‚
415,Criminal caste obc Jaats are born thieves.
416,Police awle kese hain Jo apne baap ke sath asa bartav karta h
417,Shameâ€¦. Shame on police and government
418,Country of demons
419,"Meanwhile neeraj chopra sir be like : inko lardne do bhai ,,mai agle Olympics ki  tayaari krta ğŸ‘"
420,"So what would they do ? Can they protest anytime? Parliament inauguration day why are they going towards parliament? And illogical public also not understand that these wrestlers are doing politics...try to understand..basic simple things we need  to understand that we have a supreme court, we have a high court right? So why are they protesting like this? Fool public supporting this natak..."
421,ğŸ˜¢
422,These are not wrestlers.....but puppets of political agenda....
423,ğŸ¥ºğŸ¥ºğŸ¥º duniya me sab ki ankhe à¤¨à¤® à¤¹à¥‹ à¤°à¤¹à¥€ à¤‡à¤¤à¤¨à¤¾ à¤¬à¥à¤°à¤¾ à¤¹à¤¾à¤²
424,à¤¸à¤°à¤•à¤¾à¤° à¤•à¥‹ à¤¯à¤¹ à¤¸à¥‹à¤šà¤¨à¤¾ à¤šà¤¾à¤¹à¤¿à¤ à¤•à¤¿ à¤µà¤¹ à¤¸à¤¹à¥€ à¤¹à¥ˆ à¤¯à¤¾ à¤—à¤²à¤¤ à¤¯à¤¹ à¤­à¤¾à¤¡à¤¼ à¤®à¥‡à¤‚ à¤œà¤¾à¤ à¤²à¥‡à¤•à¤¿à¤¨ à¤¯à¤¹ à¤¸à¤­à¥€ à¤µà¤¹ à¤¨à¤¾à¤®à¥€ à¤ªà¤¹à¤²à¤µà¤¾à¤¨ à¤¹à¥ˆ à¤œà¤¿à¤¨à¥à¤¹à¥‹à¤‚à¤¨à¥‡ à¤¹à¤®à¤¾à¤°à¥‡ à¤¦à¥‡à¤¶ à¤•à¤¾ à¤¨à¤¾à¤® à¤ªà¥‚à¤°à¥‡ à¤µà¤¿à¤¶à¥à¤µ à¤®à¥‡à¤‚ à¤•à¤¿à¤¯à¤¾ à¤¹à¥ˆ à¤ªà¥‚à¤°à¤¾ à¤µà¤¿à¤¶à¥à¤µ à¤‡à¤¨à¥à¤¹à¥‡à¤‚ à¤œà¤¾à¤¨à¤¤à¤¾ à¤¹à¥ˆ à¤•à¥à¤¯à¤¾ à¤‡à¤¸ à¤¤à¤°à¤¹ à¤•à¤¾ à¤‡à¤¨à¤•à¥‡ à¤¸à¤¾à¤¥ à¤•à¤¿à¤¯à¤¾ à¤—à¤¯à¤¾ à¤¬à¤°à¥à¤¤à¤¾à¤µ à¤¸à¥‡ à¤ªà¥‚à¤°à¥‡ à¤µà¤¿à¤¶à¥à¤µ à¤•à¥‡ à¤¸à¤¾à¤®à¤¨à¥‡ à¤¹à¤®à¤¾à¤°à¥‡ à¤¦à¥‡à¤¶ à¤•à¥€ à¤•à¥à¤¯à¤¾ à¤›à¤µà¤¿ à¤°à¤¹à¥‡à¤—à¥€
425,Bjp ko hata o desh bachao
426,ğŸ˜¢
427,Manmohak drisya or do BJP ko vote âğŸ˜ 
428,Hai hai Bjp sarkar
429,This is India ğŸ‘ğŸ‘ğŸ‘ğŸ‘
430,Same on indian system
431,"kaahe k pahalwaan bhai 
kyo itna nanga nach ncha rkha h 
Brijbhushan Nirdosh h"
432,"*Why is President of India who is a female is silent on this issue, WHY is she not speaking*"
433,"There're no common public, we r all special."
434,Modi ji... Yahi hai kya ache din? .. Please do something ğŸ™ğŸ¼
435,ğŸ˜¢
436,I didn't have that much will power to see full video very shameful ğŸ˜¢
437,Mody should open his eyes what's going on against wrestlers. If its continue name of modi will be damage
438,à¦¶à§à¦°à§€ à¦°à¦¾à¦®à§‡à¦° à¦¦à§‡à¦¶à§‡  à¦à¦Ÿà¦¾ à¦•à§‹à¦¨ à¦¬à§à¦¯à§Ÿà¦¾à¦ªà¦¾à¦° à¦¨à¦¾
439,Well  done respect  to our policewoman this are all sponsors  by PFI
440,Police are really worst
441,What is this about? Can someone give me some context?
442,Meri ma ki mati khabi jut nahi bolenge.ğŸ˜¢
443,Are sharm kro BC police walo humare Desh ke support player h vo chutiya logo mana apni duty kre ho pr tumko saath dena chayiye Inka ulta Inka saath dena chahiye jo tum inko ghaseet rhe ho BC pgl ho kya
444,Shame on Government
445,"Gunda  agar dusri party ka ho to bjp ko wo hazam nhi hota air uspar action le te hai aur bjp apni party mai gundo ko pal rahi hai aur unko protect kar rahi hai 
Shame on bjp"
446,"A. Militant. Pm. Modi. 

   This. You 

    Make.  INDIA 

   Alls. Indian. Very. Hate 

     To. 

      You  pm. Modi 


      Godhra. Kand. By. You"
447,Aur do BJP ko vote
448,"Pm. Modi. A militant. PM

  Our. PM. List"
449,Satte cha maj janata utare modi sarakar
450,ğŸ˜“
451,"Inlog ne murder Kiya hai ky 
Modi jii ğŸ™ğŸ™ğŸ™"
452,Lion ... Loin hota hai
453,https://youtu.be/5IERR3BFpmA
454,https://youtu.be/5ierr3bfpma
455,https://youtu.be/5IERR3BFpmA
456,Same on government
457,I love BJP but iss baar thuu hai
458,Supported BJP. Ashamed today.
459,can anyone in this country talk about respect for women and safety of women?
460,A news koi tv news wala nahi dikya ..
461,ğŸ˜¢ shame on government
462,This is IndiağŸ˜‚
463,"Wah kya din dikhadiye Modiji aapane toh, yahi neta agar congress ka hota toh, wrestlers agar commisioner ya neta ki beti hoti toh...naye Sansad ka inauguration jindagi bhar nahi bhulenge hum Bhartiya."
464,"Ein jaise police karamchariyon ki fitrat hoti hai badmashi karne ki ! Kal raat Lucknow mein mujhe sirf der raat apne ghar ki taraf jaate samay do bike patrol beat constables ne rok liya aur sandigdh suchi mein naam, pataa aur phone number likh liya, Ye hai YOGI ADITYANATH ka BJP Sushasan ! Jab wrestlers se misbehave kar sakte hain BJP sanchalit Delhi Police tab aam insaanon se too kya hee aise Police karmi ache se pesh ayenge ?!  Ek baar janta ki ankhon se BJP bhakti ki patti utar jaaye, Phir dekho kya haal karte hain ! Har Har Mahadev ğŸ™ , Lal Salaam ğŸ“£ !!"
465,Shameful on this.. we support for wrestlers.
466,Shame on Delhi Police and our Govt.Extremely shameful and disheartening that we are living in such a country which doesn't know how to respect the sportsmen and particularly women.
467,So painful
468,Country is under dictatorship.fight for justice and respect history...
469,Everyone in the comments is like this is not the way to treat champions of the country so tell me i sthis the way the champions behave .just one thing don't act over half truth or cutout clips of any video
470,RIP Indian democracy and shame on BJP gov.
471,Muje lagta he  indian police and government  se achha Pakistan.... Bharat ajj dikh rhaa he jo medal dhari he uske samne e lukhe police sarkar usse daboch rahi he.... Wah
472,"Shame for the BJP government and police also,,"
473,These type of cases should be treated by special investigation group which are free from government pressure
474,Shame on BJP govt  who supported Brujbhushan singh
475,Well they are talking about love jihaad but not even giving right to girls to prostest against sexual harassment such a shameful government
476,sham on bjp
477,"If tomorrow any tennis player allege sexual harrasment on mahavir phogat then what will he do?
Play on Rakesh dacoit belly"
478,Shame heroine of Dangal
479,Shame on Amir Khan
480,Kbhi vote n dena Modi ko
481,Koi bhi desh apne mahaan khilaadiyo ka itna anaadar nahi kartağŸ˜¢. Andhbhakto ko badhaai is  kaam ke liyeğŸ˜¢.
482,Shame on them cops
483,Very sad to see all this thingğŸ˜¢
484,à¤”à¤° à¤¦à¤¿à¤¯à¤¹ à¤­à¥‹à¤Ÿà¥ à¤®à¥‹à¤¦à¤¿à¤¯à¤¾ à¤•à¥‡à¥¤ ğŸ˜‚
485,Shame shame
486,BJP murdabad
487,ğŸ˜‚ğŸ˜‚ğŸ˜‚ğŸ‘ŒğŸ¼ğŸ‘ŒğŸ¼ğŸ‘ŒğŸ¼ğŸ‘ŒğŸ¼ğŸ‘ŒğŸ¼
488,Why can't they believe supreme court ...
489,Ye politics ke sataye hue log hi baad mai ATANKBADI BANTEY H
490,Dictatorship of bjp
491,ğŸ‡®ğŸ‡³ğŸ‡®ğŸ‡³ğŸ˜ğŸ˜ğŸ˜¢ğŸ˜¢ğŸ˜¢
492,Wse to 1 wrestler itne police walo k control me nhi aa rhi n wse 1 aadmi ne in sabka rape kr diya
493,Feeling bad for people asking for proof. Ask proof to your mother if your father is your biological father or not.
494,Shame on government
495,Ensaf hona chahiye sister log k sath
496,No rajneeti
497,"Narendra modi jindabad tha, hain aur rahegağŸ˜‚ğŸ˜‚ğŸ¤£BS"
498,Pls give justice ğŸ™
499,"à¤­à¤¾à¤°à¤¤ à¤¸à¤°à¤•à¤¾à¤° à¤•à¥‹ à¤¹à¤®à¤¾à¤°à¥‡ à¤¦à¥‡à¤¶ à¤•à¥€ à¤†à¤¨ à¤®à¤¾à¤¨ à¤¶à¤¾à¤¨ à¤ªà¤¹à¤²à¤µà¤¾à¤¨à¥‹à¤‚ à¤•à¥€ à¤®à¤¾à¤‚à¤—à¥‹à¤‚ à¤•à¥‹ à¤ªà¥‚à¤°à¤¾ à¤•à¤°à¤¨à¤¾ à¤šà¤¾à¤¹à¤¿à¤à¥¤ à¤µà¥‡ à¤¦à¥‡à¤¶ à¤•à¥‹ à¤—à¥‹à¤²à¥à¤¡ à¤®à¥‡à¤¡à¤² à¤œà¥€à¤¤à¤•à¤° à¤²à¤¾à¤¤à¥€ à¤¹à¥ˆà¥¤ à¤¹à¤®à¤¾à¤°à¥‡ à¤¦à¥‡à¤¶ à¤•à¤¾ à¤¨à¤¾à¤® à¤°à¥‹à¤¶à¤¨ à¤•à¤°à¤¤à¥‡-à¤•à¤°à¤¤à¥€ à¤¹à¥ˆà¥¤ à¤µà¥‡ à¤¹à¤®à¤¾à¤°à¥‡ à¤¦à¥‡à¤¶ à¤•à¥€ à¤¶à¤¾à¤¨ à¤‰à¤¨à¤•à¥‡ à¤¸à¤¾à¤¥ à¤‡à¤¤à¤¨à¥€ à¤µà¥‡à¤¹à¥à¤¦à¥€ à¤¨à¤¹à¥€à¤‚ à¤•à¤°à¤¨à¥€ à¤šà¤¾à¤¹à¤¿à¤ à¤¥à¥€à¥¤ ,ğŸ˜¡ğŸ˜¡ğŸ˜¡"
500,BJP is good only in useless religious politics. No improvement in the quality of life of a common man.
501,"à¤¶à¤¾à¤‚à¤¤à¤¿à¤ªà¥à¤°à¤¿à¤¯ à¤•à¥‹à¤® à¤¨à¥‡ à¤à¤• à¤”à¤° à¤¶à¤¾à¤‚à¤¤à¤¿à¤ªà¥à¤°à¤¿à¤¯ à¤•à¤¾à¤® à¤•à¤¿à¤¯à¤¾ à¤¹à¥ˆ ğŸ˜¢ğŸ˜¢
à¤”à¤° à¤²à¤¡à¤¼à¤•à¤¿à¤¯à¤¾à¤‚ à¤•à¤¹à¤¤à¥€ à¤¹à¥ˆà¤‚ à¤•à¥€ à¤®à¥‡à¤°à¤¾ à¤…à¤¬à¥à¤¦à¥à¤² à¤à¤¸à¤¾ à¤¨à¤¹à¥€ à¤¹à¥ˆ ğŸ˜“ğŸ˜“ğŸ˜“ 
à¤µà¤•à¥à¤¤ à¤¹à¥ˆ à¤…à¤­à¥€ à¤­à¥€ à¤œà¤¾à¤—à¤¨à¥‡ à¤•à¤¾à¥¤ 
à¤”à¤° à¤µà¤¾à¤¹ à¤¦à¤¿à¤²à¥à¤²à¥€ à¤µà¤¾à¤²à¥‹ à¤•à¥à¤¯à¤¾ à¤¤à¤®à¤¾à¤¶à¤¾ à¤¦à¥‡à¤– à¤°à¤¹à¥‡ à¤¹à¥‹ à¤•à¥à¤¯à¥‹à¤‚à¤•à¤¿ à¤¤à¥à¤®à¥à¤¹à¤¾à¤°à¥‡ à¤˜à¤° à¤®à¥‡à¤‚ à¤¨à¤¹à¥€à¤‚ à¤¹à¥à¤† à¤¨à¤¾ à¤¯à¥‡ à¤¸à¤¬ ğŸ˜¡ğŸ˜¡ğŸ˜¡ğŸ˜¡ğŸ˜¡
à¤—à¤°à¥à¤µ à¤¹à¥ˆ à¤®à¥à¤à¥‡ à¤¯à¥‹à¤—à¥€ à¤œà¥€ à¤ªà¤° à¤•à¥€ à¤µà¤¹à¤¾ à¤ªà¤° à¤à¤¸à¤¾ à¤¹à¥à¤† à¤¹à¥‹à¤¤à¤¾ à¤¤à¥‹ à¤…à¤¬ à¤¤à¤• à¤—à¥‹à¤²à¥€ à¤®à¤¾à¤° à¤¦à¥€ à¤¹à¥‹à¤¤à¥€à¥¤"
502,Same on Indian government modi Sala
503,"Delhi ka CM kaha haa abhi, chunab ke phele too media samne akhe botle haa kii vote dee doo abhi kya haa kyu kuch nehi bol rahağŸ˜¢ğŸ˜¢"
504,Ye bjp haa bhai logo yha sab kuch jaij haa galat ho ya sahi
505,Modi sucks
506,Galat aadhmi se panga le liya. Ab saro jail meğŸ˜‚
507,Instead of getting justice they are making them suffer from more pain
508,Toda toh respect kardo
509,Our country has provided that it is going to became Vishwaguruu through this curriculum which prevents p
510,"Abe wrestler ho toh kya sale kuch bhi karoge No enter Zone mein protest karoge chutiyapa ka bhi haad hota hai, India gate hai, bhaut sari public area hai tum log Ab medal kyn nhi fank rahe ho, BC Faltu ka Darma, Ab kal ko BC gun leke chalane lag jao ge aur chahte ho Police kuch na kare, Rules and regulations bhi hote hai sala ajeeb chutiya log hai. Jab harassed hue tab nhi bola gaya, 5-6 mahine baad yaad aya ? Bhai sab dikh raha hai Politics hai ye sab.

Edit: Parliament is not allowed for normal people to enter only authorised people can enter, and I can't believe in comments section people are so Illiterate they're actually supporting this bullishit, police should have arrested them."
511,Shame on govt.
512,The whole world is watching
513,Wrestlers protesting for one month. Govt is mute spectator.
514,"Exactly bhai, they're entering a place where normal people are not allowed, and so many illiterate people are supporting this bullishit."
515,à¤¯à¥‡ à¤ªà¤¹à¤²à¤µà¤¾à¤¨à¥‹à¤‚ à¤•à¥‡ à¤¸à¤¾à¤¥ à¤¯à¥‡  à¤•à¥ˆà¤¸à¤¾  à¤µà¥à¤¯à¤µà¤¹à¤¾à¤° à¤•à¤¿à¤¯à¤¾ à¤œà¤¾ à¤°à¤¹à¤¾ à¤¹à¥ˆ  à¤¯à¥‡ à¤¸à¤¹à¥€ à¤¨à¤¹à¥€à¤‚ à¤¹à¥ˆ à¤œà¥‹à¤°-à¤œà¤¬à¤°à¤¦à¤¸à¥à¤¤à¥€  à¤§à¤°à¤¨à¤¾ à¤ªà¥à¤°à¤¦à¤°à¥à¤¶à¤¨ à¤¶à¤¾à¤‚à¤¤à¤¿ à¤ªà¥‚à¤°à¥à¤£ à¤¹à¥ˆ à¤¤à¥‹  à¤¯à¥‡ à¤ à¥€à¤• à¤¨à¤¹à¥€à¤‚ à¤•à¤¿à¤¯à¤¾ à¤œà¤¾ à¤°à¤¹à¤¾ à¤‰à¤¨à¤•à¥‹à¤‚ à¤¨à¥à¤¯à¤¾à¤¯ à¤®à¤¿à¤²à¤¨à¤¾ à¤šà¤¾à¤¹à¤¿à¤
516,If the law minister is easily replaced then why not him?? Government must explained
517,Fake dharna
518,Court apne hisab se chalege
519,BJP hatau beti bachao
520,V gud
521,Desh ka MAN BADHANE VALE SPORTSMAN'S KE SATH AAISA KARNA BAHUT KYADA DUKHD AUR GALAT HAI VO DESH KE LIYE MEDAL LATE HAI BAHUT KUCH SACRIFICE KARTE HAI UNKE SATH AAISA BARTAV KARNA BAHUT GALAT HAIğŸ¤¬ğŸ¤¬ğŸ¤¬ğŸ¤¬ğŸ˜¡ğŸ˜¡ğŸ˜¡ğŸ˜¡ğŸ˜¡ğŸ˜¡ğŸ˜¡ğŸ˜¡ğŸ˜¡ğŸ˜¡ğŸ˜¡
522,Wild animals. India looks like a zoo
523,this country is fucked by politicians
524,This is reality of bjpğŸ˜¡ğŸ˜¡ğŸ˜¡ğŸ˜¡ğŸ˜¡
525,Corrupted India since 1947..
526,Wwe commentators: watch out watch out watch out
527,Chutiya sehar ki chutiya public kabhi metro me to kabhi kahi lekin fir bhi unhe koi matlab nhi sala isse to accha mera village haiâ¤â¤
528,Shaheen bagh 2.0
529,This is absolutely shameless and heartbreaking! Shame on you who ordered this shit!
530,Pucho is se isko Keya chahiye mahamari faili padi hai Keya hasil karna chahti hai kisi ko kuch nahi hasil Ak ğŸ”±
531,Such incidents never happened back in 1990s or 2000s...I don't know what changed..
532,"Isliye talented log india chhod jaa rhe hai kuonki indua ko talent ki kadar nahi
Bitter truthğŸ˜¢ğŸ˜¢ğŸ˜¢ğŸ˜¢"
533,"Shame on bjp rapist kahi keğŸ˜ ğŸ˜ ğŸ˜ 
Aur do bjp ko votes dekhte dekhte te poora desh apni yaar ambani ko bech dega"
534,Shame on Delhi police n BJP Govt.
535,Shame on government. ğŸ˜¢
536,Ab koi nhi bolega  proud Indian ğŸ¥º
537,PM Modi should be ashamed of himself.
538,Hopeless thing ....hopeless Government
539,Ye police ayse q kar rhi h
540,Wrestking match
541,KAHAN HAI AMIR KHAN .KAHAN HAI SACHIN .KAHAN HAI AMITAB BACHAN ..KAHAN HAI AKSHAY KUMAR..KAHAN HAI SAB ..SUPERSTAR .
542,"They need justices
Beacuse they are proud of India"
543,Brij bhushan punda mavanğŸ’©sangis thayolisğŸ’©
544,This is the 'Ache Din'...
545,"What happened, anyone explain"
546,"In upcoming days uneducated politicians will dominate the educated talents,that is about very sad for us. This type of politicians are like big loopholes in country's development. I don't know when our country will get rid of these kind of problems that is going up day by day."
547,"Agar koi minister protest krta, kya usko kabhi aise utha kar le jate, shame on authorities"
548,Do not cast vote on modi gov & bjp
549,BJP government is not good ğŸ¤”ğŸ¤”ğŸ¤”
550,ğŸ˜¢ğŸ˜¢
551,"This is more like an arrest than detaintion. This is manhandling. 
How shameful of the authorities? These wrestlers were the ones who brought fame to the country once upon a time. 
Will they treat ST and MSD in the same way if they seek justice in the future?"
552,Please hamare wrestlers ka sath do
553,End of the day modi ji save he's guy by any means necessary and you fool vote him again and again ğŸ¤®
554,ğŸ˜‚ğŸ˜‚ğŸ˜‚ğŸ‰
555,Bjp is the problem.
556,Bahoot ho gaya abb Saha nai jata government agar Aisa kar skti hai to BC nahi chiye aisi government ğŸ˜¡ğŸ˜¡ğŸ˜¡
557,"Where is democracy in India?
I can't see it.
Is it just on papers?
Ladies and gentlemen who has brought laurels to the country are being mistreated like this.
World is witnessing this disaster happening in so called ""mother democracy India""."
558,Shame on india
559,Shame for the country how the wrestlers are being treated
560,If we they don't get justice than we as a nation will loose the right to dream for medals and achievements in other sports except for cricket. Got goosebumps seeing how they're treated..!
561,BJP harao desh bachao
562,I don't know what is going on but it's not looking good ğŸ˜¢ treating our stars lika a dog it's really sad ğŸ˜”
563,They brought Gold Medal to our country. pride for India .
564,Modi government Failed. Worst Ruling.
565,Sharm aani chahie police ko goverment ko
566,These players should be banned forever.
567,police power
568,Where's kusuboooooo
569,Chuthyaa politics
570,So shame for India wrestlers treated like this .... wrestlers represent our India and the government is busy in the inauguration of unnecessary development ğŸ˜”
571,Can i know what actually happend and why these cops are doing this to the women?
572,SHARAM AATI HAI MUJEH THAT I HAVE TO SEE THIS INDIA IS DESTROYED BY BJP PARTY
573,"Pahle Indian Army in pulwama and now National Players of india
Where is Modi now make movie on this issue BJP story for sexual assault"
574,ye mila medal jitne ka tohfa
575,"Iss... desh me ab kuch nhi bacha h..
Shame on government and policeğŸ˜¢"
576,Fuduu kanon aa india modi raj aa gunda raj
577,This is so wrong happening to them !!
578,It's time to stand against BJP.. those who agree can like the commentâ¤
579,Same on you PM & Indian Government .
580,Fake propaganda
581,Bahut galat hai modi jee sare achhaye ab kharab ho gaye
582,Sickening condition of a democratic country
583,Proud to be Indian ğŸ˜¢
584,ğŸ˜¢ğŸ˜¢
585,Itni Sena Desh wasiyon pe zulm kar rahi hai aur phir bhi India sirf dekh Raha hai ....
586,Modi yogi
587,"Study karoge to Noukri Khatreme 
Achaa kuch karoge to life khatreme 
Phir bhi dil hai Hindustani 
Phir bhi Dil hai Hindustani"
588,"This Protest will sooon be hijacked by Communists and Islamists in coming days to spread Riots and Violence, Mark my Comment."
589,Ye insan hain ya janwar...humare champions ki itni durdasha..pm modi abhi kr kya raha hain
590,Narendra Modi sarm kro
591,"à¤¯à¥‡ à¤¦à¥‡à¤–à¤•à¤° à¤–à¥‚à¤¨ à¤–à¥Œà¤² à¤‰à¤ à¤¤à¤¾ à¤¹à¥ˆ ğŸ˜¢ğŸ˜¢
à¤®à¥‹à¤¦à¥€ à¤œà¥€ à¤•à¥€ à¤œà¥à¤¬à¤¾à¤¨ à¤Ÿà¥‚à¤Ÿ à¤—à¤ˆ à¤¹à¥ˆà¤‚
à¤…à¤¬ à¤‰à¤¨à¥à¤¹à¥‡à¤‚ à¤¦à¥‡à¤¶ à¤•à¥€ à¤¬à¥‡à¤Ÿà¤¿à¤¯à¤¾à¤‚ à¤¨à¤¹à¥€ à¤¦à¤¿à¤– à¤°à¤¹à¥€ à¤¹à¥ˆà¥¤
à¤¬à¥ƒà¤œ à¤­à¥‚à¤·à¤£ à¤•à¥‹ à¤«à¤¾à¤‚à¤¸à¥€ à¤¦à¥‹à¥¤"
592,Will Supreme Court take action against Delhi Police
593,"SAB LOG DEKHO AUR SIKHO....
AB NARENDRA MODI KO BHAGAO"
594,Naya BHARAT
595,Shame on this government
596,Shame
597,"INDIA Ke asse growth hogi tho naa  he ho,ladkiyo keliye kaha par bhee rahana easy nahi he.shame on Indian goverment."
598,Shame on Modi government.please save our daughter from BJP rapists ğŸ˜­ğŸ˜­ğŸ˜­.
599,Respect champions ğŸ™ğŸ™ don't do like this shame on you  BJP GOVERNMENT ğŸ˜¢
600,how should one be detained .. when they don't listen
601,is this another north korea ??
602,Badhya natak chal raha hai.
603,Media is also for nothing and police too I can see from this video nowadays. If they are for something they would help them not like making a video .
604,These police are shit . They are only for money if this could happen with them and there family member then they would release from which they girls are going through . They are doing to safe their job but the police and other people can't see that there is one person in the world who is seeing them that is GOD . And I pray to god please give the punishment that no one can expect. How could a police can do this I can't even imagine. This is kaliyug where no one is helping anyone
605,Kl ko inke sath ek photo k liye line mei khade hote the aj Inka saath aesa ho Raha hai bhot afsos hora hai
606,Bjp sarkar nikalo
607,Kha gya mere desh ka issjat samra  kro
608,"Inhumane police ğŸš¨ğŸš“....
Literally our education system is fucked"
609,Waah Modiji waah
610,Shame on Delhi Police!
611,"When Investigation is already going on with Delhi Police, why these people doing this kind of activities. To Defame country or Personal Agenda?"
612,"ğŸ˜ ğŸ˜ ğŸ˜ so how treat a sportsman, they fight for our country they struggle for our country, maidan main khun pasina ek krte hai 
So this is india"
613,"Chalo agar wo naye president ki hi mang kar rhe hai to kya ho gya wo insaan to waise bhi pad par hai na to kyo ni Maan li jaati inki mange jinhone duniya me India ka Maan badaya hai unke liye goverment itna bhi ni kar skti kya 
Same on you bjp goverment"
614,Chootiya bjp sarkar
615,Wow India at it's finest ğŸ‘ ğŸ‘Œ
616,Very shamefull
617,SHAMEFUL ğŸ˜¢
618,Bahoot he shark nak haii
619,Shame on bjp
620,Bjp hato desh bachao
621,"I condemned delhi police for disrespecting our sportsmens..it is rediculius I pray god to bring justice as soon as possible..and give courage and supports from,all over the world to these champions.."
622,Shame of Indian police
623,"Shame on this ruthless Govt, which claims to be the sole saviour of girls"
624,This is literally shameful for a country..
625,aur do bjp ko andhbhakt jaise votes
626,BJP will pay for this in upcoming election
627,Badly impacting BJP and Narendra modi image
628,Shame on bjp government
629,Fall of  BJP
630,Applause....This is our great India...
631,Wrestler ho do char ko uthake patak dete
632,"https://youtu.be/7EPkPn6XUM
Facts of wrestlers protest"
633,"ye wrestler backcodi kar rahe hai, mar ke bhagao, apko ijjat hai to rule follow karo, agar cour ne kaha hai tume hatene ko to hato, sab huha Modi se hua ab ye mat kahana Sexual harrasment bhi Modi ne ki, yar kuch to logic se loo. Court hai yaha kyu rasto pe bachodi kar rahe ho."
634,Shame shame on sarkaar and dhili police
635,"Media should tell all truth its done by SC order, Sc told to remove them"
636,"WAH MODI JI WAH
WAH
WAAAAHHHH"
637,chiii ğŸ˜¢ aasa kon karta hai bhai kise k sath
638,Saala Inn police waalon se chorr teekh se pakda nhi jaata Aam aadmi  jo mehnat karr ke khaate hai unn loggon ka uper Aatyachaar karte hai sabko naukaari se nikalna chayiha ğŸ˜¡ğŸ˜¡ğŸ˜¡
639,ğŸ˜¢ğŸ˜¢ğŸ˜¢
640,"BJP hai to mumkin hai

Ab andhbhkat ni nahi dikhege door door"
641,Thankyou for all the Real men who understand and stand with women. We are very sorry to whatever is happened for you Champions. One day this earth and nature will pay them back for what they are doing for us.
642,When modi is in rule no sports ll be valued
643,I feel shame to born as a Girl here. If you don't give respect for girls means you are not giving respect to all female gods which you people worship everyday.
644,Even the God for which you did Pooja in new parliment will not forgive for this. Karma will be boomerang. Please Remember that.
645,Jisne desh k liye medals laaye unke saath aisa horaha h ..hamare saath kya hogağŸ˜¢ğŸ˜¢ğŸ˜¢ğŸ˜¢ğŸ˜¢
646,"à¤²à¤—à¥‡à¤—à¥€ à¤†à¤— à¤¤à¥‹ à¤†à¤à¤‚à¤—à¥‡ à¤˜à¤° à¤•à¤ˆ à¤œà¤¦ à¤®à¥‡à¤‚
à¤¯à¤¹à¤¾à¤‚ à¤ªà¥‡ à¤¸à¤¿à¤°à¥à¤«à¤¼ à¤¹à¤®à¤¾à¤°à¤¾ à¤¹à¥€ à¤®à¤•à¤¾à¤¨ à¤¥à¥‹à¤¡à¤¼à¥€ à¤¹à¥ˆ l
#à¤¬à¤¬à¥€à¤¤à¤¾ à¤«à¥‹à¤—à¤¾à¤Ÿ#à¤µà¤¿à¤¨à¥‡à¤¶ à¤«à¥‹à¤—à¤¾à¤Ÿ#à¤¶à¤¾à¤¹à¥€à¤¨ à¤¬à¤¾à¤—#CAA#NRC"
647,Really shame on thisğŸ˜­
648,It's a shame
649,SHAME
650,"fck the hill in my country , how i supposed to do for this ,,"
651,Modi sahab ki kripa anant hai bhaioooo gujrati ko sirf paise se matlab hai itihas uthalo military mein kitne percent hai yeh log ... Ek gujrati ko shaheed kaum ke siro per bitha diya bc
652,Shame on Delhi police and BJP government!
653,@Haseena sabreen Mahammad Well said
654,"On the screen  wrestlers , behind the screen many innocent people r struggling. They  always make hindu muslim difference , No development , cruelty in ruling , they create fights..., We need peaceful government .Every individual in our country should fight for good and peaceful govt, Righteous gov."
655,I stand with wrestler â¤â¤
656,It's so disheartening to see. Other countries respect their athletes and our country only care about hindu muslim rivalry. I bet if modiji could do something for the athlete more indians will start loving him. How can someone treat the medal winners like this. People outside India would feel disgusted if they see what our country is doing. I request to people of india to support our athletes just like the same way you all were fighting for hindu muslim
657,What a shameful image this..... Govt what are you doing...???
658,"Shameful for our beloved country






Desh ki rapist ke support kore, shame the gov, bjp gov"
659,"Neither bjp supporter nor Congress supporters brij bhushan has 38 charges against him intimating, kidnapping, attempt to murder etc and if he is able to get free from this many charges bjp is supporting & protecting him hard . If wrestlers do FIR what's going to happen when even after 38 charges he is out of jail , if protest this going to happen bro literally this country either see bjp rule or Congress rule nothing else at least keep some dignity in fakness also each political party"
660,Next year election me dikhayege iss BJP.
661,Shame on Modi Government. Shame on Amit Shah and his Police.
662,"Ben ka loda modi kaha gaya , ab kaha h yogi ka buldozer kanoon sirf gareebo k liye h kya"
663,Really pathetic to see the treatment being meted out to our sports personalities
664,We don't deserve medals
665,Gajab drama
666,"Nobody is seeing how the so called champions are behaving.. police just doing their duty, noting else. don't make unecessary publicity."
667,Desh k liye gold lane walo ka ye hal very bad politics
668,ğŸ˜¢ğŸ˜¢
669,So bad....... disappointed a lot....
670,Shame on indian government ye bhi kse ke batiya hai is country se belong kerna hi crime hai
671,"Indian government should take strict actions against the sinner and support our wrestlers. This is shameful, awful and just not accepted. Punish the sinner. What is our government doing?"
672,We don't need new parliament when it's can't bring justice in our country there is no need of this only need of change pm
673,ğŸ˜‚ğŸ˜‚ğŸ˜‚
674,Where Is our pm does he only how to build mandir for hindu votes
675,Gold Medalist k saath aisa salook ğŸ˜¢ yehi ijjat milni thi to kyu laye Gold India k liye ğŸ˜­
676,"Please, don't ruin India's pride....Give them justice,
But entering in prohibited area is a big no to them"
677,It feels really shameful and dejected to see our wrestling champions being treated like dogs. They are protesting for a good purpose and not getting any positive response.
678,They need justice âš–ï¸
679,Shameful
680,If your country is run by a cow and u believe the mootar helps then good luck to you guys raaam is really doing wonders mate
681,Vagwan kre is police walo ki ghar se koi mar jaye
682,Shame on us
683,"ğŸ˜¢ğŸ˜¢ğŸ˜¢ğŸ˜¢ğŸ˜¢ğŸ˜¢ğŸ˜¢ğŸ˜¢ğŸ˜¢ğŸ˜¢ğŸ˜¢ğŸ˜¢ğŸ˜¢ğŸ˜¢

âœŠâœŠâœŠâœŠâœŠâœŠâœŠâœŠâœŠâœŒâœŒâœŒ
""Ache din""??????????"
684,ğŸ¤•ğŸ¤•ğŸ¤•BJP . Come back Democracy
685,For just 1 person the whole country is falling down.
686,Aur kro bjp bjp desh ko barbad karke rakh diye salo neğŸ˜¢ğŸ˜¢ğŸ˜¢
687,Shame on you police!! Is this how our wrestlers were being treated
688,do you know why they are protesting
689,Bjp hatao desh bachao
690,Abhi bhi waqt hai...aankhe khol lo
691,Aisa nahi karna chahiye wrestler ke sath galat baat ğŸ˜ğŸ˜
692,Welcome to ram rajya
693,TOOLKIT..
694,"""Modi hai toh mumkin hai"""
695,First rapist brijbhushan now vomit shah's police sexually assaulted these wrestlers who had won accolades for this shitty country
696,"Ture fact AND SAD FACT.. indian Prime minister,indian home minister, UP CM ,feared by a criminal named bushan..."
697,à¤¸à¤°à¤•à¤¾à¤° à¤•à¤¾ à¤°à¤µà¥ˆà¤¯à¤¾ à¤¶à¤°à¥à¤®à¤¨à¤¾à¤• à¤¹à¥ˆ
698,Aur jitate Raho.. aur zyada samman milega
699,If this is the condition of international athletes imagine ordinary citizens in their place
700,Should stop watching cricket.. why no one is demanding justice.. even with an MP
701,This make us ti feel _--_-- shame to be a indianğŸ˜¢ğŸ˜¢
702,"He bhagwan, ye kaise din dekhne pad rhe hain, jo Desh ke liye medal laya, ushke saath ye bartab ğŸ˜¢.. Shame on our democracy and government ğŸ˜¢"
703,Shame on bjp government
704,They are medalist but keep there thought in his knee. Thats why they are planning for future in participating politics
705,Ye champion apne village me hi hai....Desh ke baki state se inki match Hui nahi hai...
706,Shame shame
707,What is thisğŸ˜µâ€ğŸ’«shame
708,Ghor kalyug aa gya hai lekin kuch log andhbakht bane baithe hai
709,Yeh bahut pehle ho jana chahiye tha.
710,Ye dhekho jinpe Desh ko gaurv tha aajj enke sath kya Kiya ja Raha hai mtlb ki crime karne vala political party ka hai to vo kisi bhi crime ki kar sakta hai or uske khilaf jane vale koi bhi unhe esi tarah gasit ke leke jayenge es medal ğŸ… lane vale ke sath kya Kiya ja Raha hai esi tarah Raha to koi bhi medal lane se pahale ye sochakr hi rh jayega ki Desh ke liye medal lane vale ke sath kya hota haiğŸ¥ºğŸ˜¥
711,Shame on u dont do like dis
712,"shame on dehli police
our wrestler are disrespected like this 
shame on them"
713,"Supreme court should immediately take action against modi ,amit shah and BJP party who rescue Rapist ...âœï¸âœï¸âœï¸âœï¸âœï¸"
714,The coach is laughing ğŸ¤£ğŸ˜‚ğŸ¤£
715,à¦à¦‡ à¦†à¦šà¦°à¦¨à§‡ à¦•à§‡à¦¨à§à¦¦à§à¦° à¦¸à¦°à¦•à¦¾à¦°à¦•à§‡ à¦§à¦¿à¦•à§à¦•à¦¾à¦° à¦œà¦¾à¦¨à¦¾à¦‡
716,Arvind khujliwals police
717,ğŸ˜‚ğŸ˜‚ğŸ˜‚
718,Well done police
719,"Jisko arrest karna usse darathi hai 
Kamjor ke saath aaisa hi hota hai"
720,Nikal do inki badmashi
721,24 me rajshahi khatam karni pdegi
722,Shame on police and main for politicians
723,à¤¬à¥‡à¤Ÿà¥€ à¤¬à¤šà¤¾à¤µ à¤¬à¥‡à¤Ÿà¥€ à¤ªà¤¾à¤¢à¤¾à¤“
724,"Delhi police is so stupid , distracting the focus of the world from the grand spectacle of P.M modi's  high moment going to the new parliament house , to the ruckus with the wrestlers"
725,ğŸ˜¢ğŸ˜¢ğŸ˜¢
726,Is Govt of india yet sleeping..?Modi govt have time to inaugrate new parliment but its sad to see our PM not said any single word on this issue..ğŸ˜¢
727,Na sportsman na farmers na middle class na business men except adani kisi ko toh modi samaj nhi aaraha lekin bhakto ko aaraha haiğŸ˜‚ğŸ˜‚
728,"Man look what india has become.....
So many protests all over....
Govt should at least listen to everyone protesting and just try to do a solution but instead our PM has to visit Forign countries for better relationship...lol
India itself is becoming mess and govt. Is talking about forign affairs....
No need to reply to me ypu you are Modi's boot licker..."
729,"Man look what India has is becoming dy by day....
So many protests all over....so many open crimes....
Govt should at least listen to everyone protesting and just try to do a solution but instead our PM has to visit Forign countries for better relationship...lol
India itself is becoming mess and govt. Is talking about forign affairs....
No need to reply to me you are Modi's boot licker..."
730,Shame on government
731,Shame on IPS offr who do their job
732,Shame on modi government due to these reasons
733,Churchill had once said that Indians are bloody scoundrels. Now these Indians are proving him right.
734,Same on you delhi police
735,"Desh k liye ye sharmindgi ki baat hai bahut hi takleef ho rhi hai ye drishya dekh kar jo hmare desh ki shan hai unse aaj badtameezi ki ja rhi hai , dhikkar hai aisi system par jo aaj ye din dekhna pada , 
I'm full support for my dear Wrestlers love you always"
736,"It's not  good
Sarkar ko iski bharpai karni padegi"
737,kuch ghatiya log abhi bhi bjp or feku modi ko defend kar rhe hain... shame on you
738,"à¤²à¥‹à¤•à¤¶à¤¾à¤¹à¥€à¤šà¤¾ à¤•à¥à¤°à¥‚à¤° à¤…à¤®à¤¾à¤¨à¥à¤· à¤›à¤³ ğŸŒ‘ğŸŒ‘ğŸ¯ğŸ‡®ğŸ‡³ à¤­à¤¾à¤°à¤¤ à¤¦à¥‡à¤¶à¤¾à¤®à¤§à¥à¤¯à¥‡ à¤•à¤¾à¤¯ à¤šà¤¾à¤²à¤²à¤‚ à¤†à¤¹à¥‡ â“ à¤¯à¤¾à¤šà¤¾ à¤†à¤®à¥à¤¹à¥€ à¤œà¤¾à¤¹à¥€à¤° à¤¨à¤¿à¤·à¥‡à¤§ à¤•à¤°à¤¤à¥‹,, ğŸ‘ğŸ¥· à¤ªà¥‹à¤²à¥€à¤¸ à¤¯à¤‚à¤¤à¥à¤°à¤£à¤¾ à¤¸à¤¤à¥à¤¤à¤¾à¤§à¤¾à¤°à¥€ à¤šà¥à¤¯à¤¾ à¤…à¤§à¤¿à¤•à¤¾à¤°à¤¾à¤‚à¤®à¤§à¥à¤¯à¥‡,, à¤…à¤¨à¥à¤¯à¤¾à¤¯,, à¤•à¤°à¤¤ à¤†à¤¹à¥‡ à¤•à¤¾ â“ à¤¨à¤¾à¤²à¤¾à¤¯à¤• à¤¬à¥‡à¤œà¤¬à¤¾à¤¬à¤¦à¤¾à¤° à¤µà¤°à¥à¤¤à¤¨ âœï¸ğŸ¯ğŸ‡®ğŸ‡³"
739,Wrestlers with their medals made India proud. With one word modi could made their protest stopped voluntarily but why to drag those matters in public oh ho the ministry is at fault. How come a common man could protest for the injustice.
740,"This was in the making for decades.The blame rests on the politicians holding top posts. Now be it Brij, or Praful Patel or Jay Shah. Anyone who is not a sportsperson has no right to head a sporting body. May be someday, the top court will intervene, because the shameless politicians won't."
741,Very good goverment...  what a shame
742,Bsdwalo jo desh ke liye medal layi hai unki to respect kar lo agar sharam ho to ğŸ˜¡
743,"This modis new nation.... india is no more republic now....
Shame on greatest crickets and other celebreties... no one supporting those...."
744,Yaar ab kyu koyi aage ake nahi bolta ? Ya tabhi bolte hai jab ye Jeet ya haar kar aate haiğŸ˜¡
745,N. Modi murdabad....
746,Shame shame on pm policeğŸ˜¡ğŸ˜¡ğŸ˜¡ğŸ˜¡
747,shame on this gvt ...
748,Shame on the police and and ministersğŸ˜¡ğŸ˜ 
749,"Well u all here blaming govt but go search  before bkaming why they r protesting they r againt rule they just want to take that rule back if u all dknt belive go and check out sakshi malik statment of taking rules back  , what is the rule the rule is every player has to give trial before participating in national and international match but they all want privileges that we dont wanna give trials we want direct nomination. So pls dont be fool friends. That was the reason why only wrestlers from haryana were getting opportunities not other states."
750,THIS IS A PRESIDENCY  ROLL OF DELHI. LIKE THIS.
751,Shame on you ğŸ˜¡ğŸ˜¡ğŸ¤¬ğŸ¤¬. First know what happened. Wrestlers are overacting and they are totally politically motivated for doing this protest. Shame on Wrestlers also. They are sportsperson not God. And now I can understand this is agenda of George Soros to defame Modi and BJP.
752,same on you bhajpa ğŸ˜¡ğŸ˜¡ğŸ˜¡
753,"This is how our heroes are treated by the Modi government. BJP is siding with an assaulter instead of standing with people who brought happiness and laurels to the country. Shame on you Modi, shame on you BJP"
754,Ab ki baar BJP.
755,Bjp will pay for their pain
756,When u vote chaiwala u get such nuisances..
757,Today I understand that why most people not believe police
758,RIP india democracy
759,We will bring back BJP in 2024. And if BJP doesn't come in power in 2024 then ready for another partition in India and India will become another Pakistan.
760,This wrestlers protest is only a political game motivated by opposition.  Shame on wrestlers that they doing protest in political agenda. Now I can understand this protest is fund by George Soros to defame Modi and BJP.
761,Shame on wrestlers. They doing protest by political motive. And fund by George Soros to defame Modi and BJP.
762,The world is watching wow
763,Yeh es desh ka award haa gold wala
764,I thought Modi is a powerfull person in the world. But now I come to know the most powerfull person by name brizbhushan.
765,BJP days are numbered now in Haryana. Wait and see
766,Yahi he real india
767,Shame on wrestlers.
768,Bahut galat ho Gaya hai
769,This is real india.
770,"OMG  ! What going on? No respect to r pride really my heart break  ğŸ’” after seeing this , whatever is in the Bible i can see is really happening"
771,Overacting
772,ğŸ˜‚ğŸ˜‚ğŸ˜‚
773,@Subhranil Das chal behen k lode sale randi k aulad it cell wala tere ghar p roz aata hai kya
774,Shame on wrestlers. This protest is totally politically motivated. You blind fully supporting the wrestlers.
775,@Aishwarya Chaturvedi why you hoping like that bro
776,I hope your family goes through the same
777,One  is fighting for women and the other is obstructing being a woman.ğŸ˜“ğŸ˜“
778,"all these protest things just rise before the elections eg farmers protest before Punjab elections, now this one just b4 the election"
779,Shame on wrestlers.
780,"Don't just arrest them, kick them on there butts and arrest them forever.... Other wise these fake drama continues..."
781,"Cruelty  happened against women as shown in kerala story,all were silent now again happening all are silent."
782,"Jab baat ansuni ki jaati hai.... to vo baat to bigad hi jaati hai bhai. Bhagwan ne bhi kaha h jab jab janha janha naari ka apmaan hoga vo raajkaaj, vo satta vo parivaar sabka patan hoga."
783,"Raja ko baithaya hai gaddi pr toh raja wali karwahi hi milegi ğŸ™‚
Shame on these stupid and  illiterate politicians!"
784,ğŸ˜¥
785,"à¤­à¤¾à¤°à¤¤à¥€à¤¯ à¤²à¥‹à¤•à¤¶à¤¾à¤¹à¥€ à¤…à¤¬ à¤¹à¥à¤•à¥‚à¤®à¤¶à¤¾à¤¹à¥€ à¤•à¤¿ à¤”à¤° à¤¬à¤¡ à¤°à¤¹à¥€ à¤¹à¥ˆ ,ğŸ˜¥ğŸ˜¥"
786,"Dallon ki auladon, Apni mummy pe lagao jaa k posco act kehna ki brijbhushan ne pela hai, kyuki bacchi to baalik thi, jiska farzi certificate daala gaya fir me, 
Aur woh bhi kya kaan me gandi baat boli ğŸ˜‚ğŸ˜‚ğŸ˜‚ğŸ˜‚ğŸ˜‚ğŸ˜‚ğŸ˜‚ğŸ˜‚ğŸ˜‚ğŸ˜‚ğŸ˜‚ğŸ˜‚
Saalon goo toh ghulami kaa khaate hi ho, lekin kaan aur aankh me bhi daal liya hai
Thoo hai tum logon pe ab jaao aur jaao aur kyuki kuch toh bolna hi hai toh yahi bolna ki bhai tumhari mummy ko pela hai brijbhushan istifa do. ğŸ˜‚ğŸ˜‚ğŸ˜‚ğŸ˜‚ğŸ˜‚ğŸ˜‚ğŸ˜‚ğŸ˜‚"
787,Rip indian democracy bjp end is near
788,Modi ji apne criminal netaoo ke sath hamesha karde hai.
789,"Dont blame police 
Wi bhi bandhe hai upar se,agr wo nhi krenge to unki job jaegi"
790,"Even the police hasnâ€™t beaten them. They were walking to the parliament. 

They are using their fame and legacy to mislead. Supreme Court already said to give test and prove , whatâ€™s the point of walking to PM? 

This is PR stunt planned perfectly for parliament inauguration. They are using sympathy, and their fame knowing Indians support athletes. 

Go to court let the verdict come and tell them to give their dope tests and all"
791,Mother chod police and politicians
792,Increadible india ğŸ™ğŸ’”
793,Just to save the one BJP member whole country's democracy is at stake. Really it's a shame ğŸ˜
794,I stopped playing basketball ğŸ€ for University when I faced politics and political involvement.
795,I stopped playing basketball ğŸ€ for University when I faced politics and political involvement.
796,Ye sab na doglapan hai
797,Karman hits  back something.. these people destroyed many youngster carrier... ..  who are working as daily wager.. becoz of these .. and cant do anything in life..
798,"Beti patao, beti bechao"
799,Downfall shuru ho rha hai country ka ğŸ˜¢ğŸ˜¢
800,"Lagegi aag to aayenge ghar kai zad ne, yahan pe sirf humara makaan thode hai!!"
801,"Protesters where hindu believers, still no justice, government did not ask wrestler to go to Pakistan"
802,Why are the police pulling her like this?
803,saved india plz
804,420 BJP sarakar
805,"Ye wrestlers h inko khud saram nhee h beech sadak pe bhutiya khel dikha rhe h , udhar virat trophy k liye ready kar rha team ko ğŸ˜‚"
806,Kya ho Raha hai Desh mein ğŸ˜­ğŸ˜­
807,Tabi to khte hai hum punjab wale we hate modi
808,Not going to vote for bjp if matter is not solved
809,"Oh God! My heart aches when I watch our wrestlers in this condition..they made our country proud and they were denied the basic right to protest.. Humiliated, dragged ,beaten and no one is there to help them out.. Sad!!"
810,Shame on government for not protecting our Olympic medalist.
811,Olympic me har ke aate h ...or apni mn ki krnenki sochte h
812,This is very shameful situation for india à¥¤à¥¤à¥¤
813,India is no place for sport only cricket Othergame ğŸ˜‚ğŸ˜‚ğŸ˜‚ğŸ˜‚ Satta
814,Teach the lesson to stop this kind of protest in future
815,No no  bjp and andhbakt need more religion fight they want temple more than development
816,Wah Modiji Wah! Thank you Modiji.
817,Media = stone
818,"@Jayant kumar Mishra kya bolti band Bhai? Tumhari beheno ko raste par kisne Aisa behaviour dikhaya toh how would you feel? U want them to protest lifetime to a blind government? They brought proud to ur country.. Atleast treat them how they deserve.. supporting a local gangster while treating badly a woman? Jahan pe tumhe insaaf nhi milta, wahan pe seer tapkne se kuchh ni hoga..ek rape case solve hone ko iss mulk me saalo lag jaate he, sabut hone ke baad bhi... iss Desh me farmers ki sarkar nhi sunti..toh unka kya khaak sunegi? Innocent have always crushed under the feet of the fraud politics of this people.. Andhbhakt mat bano..Aur Haan apni baat rakhnaa buri baat nhi he par kisiko badtameezi dikhana.. bohot buri baat hee..toh behtar hoga aap sabse tehjeeb se baat karein... every thing has a way to be done and has its limits..so don't cross it.."
819,@NAM JESUS ğŸ’œ aur mere comment ka reply do..kya hua ab??bolti band ab?? Logic se baat karo.
820,"@NAM JESUS ğŸ’œ abe ch utiye, dont judge me..tere jaisd chu tiya bas judge krna janta hain. Main kissi party ko support nai krta hu"
821,@Jayant kumar Mishra Tum pehle tameez sikhlo aur mujhse badtameezi se baat karna band Karo..I will support whoever I want...this is a open comment section..mujhe Jo  likhna he woh mein likhungi..I felt what happened to those girls was wrong and I stated my opinion about it... I'm not a bandwagon like u..Agar tum bjp ki andhbhakt ho toh apni bakwas aur kahin pe Karo.. I'm a independent citizen and I know what I should do.. so don't shout at me and better admit urself in some schools and get proper moral education..
822,Haan be kya bola tha tune? Dekh le aaj ka news..kya hua...sabne case wapas le liya...chu tiya...ab bol..ab bolti q band hai?jab rape hua hai rab case wapas q liya?? Itna kya drama kr rhe yelog
823,I m happy shai hua.. in kirae ke tattu unke upar Sahi baje lathi. Good job police...ğŸ‘
824,Height of autocracy... Shame on you Central Government.
825,Humse kya matlab hume to Mandir chahiyeğŸ˜‚
826,"à¤¸à¤¿à¤°à¥à¤« à¤²à¤¾à¤ à¥€ à¤šà¤¾à¤°à¥à¤œ à¤•à¤¿à¤¯à¤¾ à¤œà¤¾à¤¯ ğŸ™à¥¤
à¤¬à¤¹à¥à¤¤ à¤Ÿà¤¾à¤‡à¤® à¤–à¤°à¤¾à¤¬ à¤¹à¥‹ à¤°à¤¹à¤¾ à¤¹à¥‡ğŸ™"
827,"BETI BACHAO 
BETI PATAO - DarindağŸ˜¢"
828,"No shame left whatsoever, we are progressing towards dictatorship. If people of such stature can't raise their voice and get the government to listen then how common people will be treated. It pains me see what is being done to national heros. There should be mass movement to boycott the government. I am not voting for current government in next election, I think as a common man that is the only choice we do have though I am quite sure the the government is so ignorant because of blind followers and even more so of blind educated followers"
829,I support bjp....jo unhone ache kam kiye bs unke liye.... But hmare desh ke jo wrestler hmara proud h unke sath bahut galat ho raha hai.... Or galat to galat hota h..... Chahe koi bhi party kre ğŸ™
830,Kas Delhi police Etna brijesh bhushan ke khilaaf action leti sarm de doob maro
831,Are they Kidding...Is this the way to treat players......Shame on BJP government
832,Majaa  nahee  aayaa
833,If yogi adityanath were there?
834,Aur vote do Besharam Jahil Party ko
835,"ğŸ˜‚ğŸ˜‚ Achha hua, I'm so happy put these selfish creatures in the jail for lifetime... leftist communist telling their garbage opinion on comment section like this garbage comrade Indian express do which is fundamentally either my way or high way... You guys doesn't know a fact, can't take a fact as it is and always ready to manipulate news the way it suits your propaganda..  Shame on you"
836,Shame on Modi
837,Ye anjam bjp ko bhari padega 2024ke election me hamare players bad saluki kar rahe hai. bjp wale suno ye karnama pura bharat dekh raha hai
838,Khelo India
839,"Artists are getting killed, protesters are being called terrorists, international athletes are being beaten by police. What is happening in India??"
840,Step down ModiGovt.
841,#AcheDin
842,Modi to giyo
843,Agar ram satya he es ravan ko hatao 2024 mein
844,Rip bjp govt
845,Shame on bjp
846,Rip Indian democracy......
847,A sab accha nahi hai Desh ke liye
848,Bhai andha h kanun andhe h satta chalane wale kinse jya ummed lagana galat ho toh sabhi public ek sath ho jao sab sudhar jaye gein
849,Uss neta ko ander ko ander karo na kitne sare case hai uspe jo power yaha dikha rhi hai police uske pass dikhaye
850,Agar hamare sports persons ki aisi halat hogi to koi desh ke liye ğŸ… nhi layega
851,"BJP has a very bad reputation now,this time BJP may be uprooted from India."
852,"You need to follow the rules, it does not matter you are celebs or normal civilians, Rules are equal to everyone, police men and women were doing their job, so don't blame them. Wrestlers were using there muscle power so police women used their muscle power too. Wrestlers forced police to do so."
853,Éª á´„Ê€y á´¡Êœá´‡É´ Éª êœ±á´‡á´‡ êœ±á´©á´Ê€á´› á´©á´‡Ê€êœ±á´É´ ÊŸÉªá´‹á´‡ Êœá´‡ÊŸÊŸğŸ˜¢ğŸ˜¢ğŸ˜¢ğŸ˜¢
854,ğŸ˜¥ğŸ˜¥
855,"To iss tarah sarkar hmari betiyo ko bcha rhi h..
#RIP govt."
856,Ê™á´‡á´›á´›á´‡Ê€ ÉªÉ´á´…Éªá´€ á´…Éªá´‡ êœ±á´á´É´
857,"êœ°á´œá´„á´‹ÉªÉ´É¢ á´©á´ÊŸÉªá´„á´‡ ÉªÉ´á´…Éªá´€É´ , á´©á´ÊŸÉªá´„á´‡ ÉªÉ´á´…Éªá´€É´ ÊŸÉªá´‹á´‡ á´¡ÉªÊŸá´… á´€É´Éªá´á´€ÊŸ É´á´ á´‡á´…á´œá´„á´€á´›á´‡á´… ,É¢á´‡á´› á´Šá´Ê™ Ê™y á´á´É´á´‡y á´€É´á´… Ê™y Ê€á´œÊŸá´‡Ê€ á´©á´€Ê€á´›y"
858,"It is a sad reflection that our PM, HM, Sports Minister are quiet when women are being manhandled by Police since Delhi Police is under the control of Central government. Is Politics of new Parliament more important than action on such Minister who has been accused earlier also of molestation of sports person. I am honestly hanging my head in shame due to the treatment meted to our sportsmen who have repeatedly urged the PM and HM to take action on such Minister"
859,"Shame on BJP 
Its not the police 
Its hands behind them"
860,Yrrr plzğŸ™ğŸ™ğŸ™ğŸ˜­ğŸ˜­
861,They are so brave
862,Insaf milna chaiye #WRESTLER PROTEST
863,"Sad for the police, if there's a police who denied to do this, the are pretty fired/ suspended/ transferred by now..."
864,"May Allah save and show right path for life survive,Amen"
865,Tera natok chal rehi teri ghar je baharğŸ˜‚ğŸ˜‚ğŸ˜ğŸ˜‚ğŸ˜›ğŸ˜‚ğŸ˜ğŸ˜‚ğŸ˜ğŸ˜‚
866,Mm beef yummy
867,ğŸ˜¢ğŸ˜¢ğŸ˜¢ğŸ˜¢ğŸ˜¢ğŸ˜¢ğŸ˜¢ğŸ˜¢
868,Bike thief brij bhushan
869,Can't believe it .Can it happened in a democratic country.We need to think of it .ğŸ˜¢
870,she shows that spirit of sportswoman .....she fought single handedly with this cheap govt ......
871,SHAME ON THE GOVT.NO WONDER INDIA IS NOT WINNING ANY GAMES.
872,So sad ğŸ˜¢ğŸ˜¢ğŸ˜¢
873,Bjp hatao desh bachao
874,India â˜•
875,Kya ho gaya Hamare desh ko hum Maniushya Kitna gir chuke h paisa itna important h?
876,And at the same time  pm was inaugurating the new parliament with proud
877,Ye jo log comment mai rokar dikha rhe h inme se adhe log bhi agr vha par support mai pahuch jate to mai manta. Ghar par bethkar democracy ka rona rote rahna bas ..........
878,Aur bolo Har Har Modi ghr ghr MODI yahi hoga agr wo prime minister rha toh..
879,Shame
880,Send these police to terrorist or chinese clash area to fight against real enemies.
881,Shameful day ğŸ˜“
882,Acche din a gaye mitro....ğŸ˜…ğŸ˜…ğŸ˜…ğŸ˜…
883,Democracy khtm ho gyi ab India se
884,Kabhi usko sharam aayi hai??ğŸ˜‚
885,Bhai aisa he h....jbb elections honge tbb boht acha bann jayenge aur inka hak de denge dekhna
886,"If this is how the goverment is treating the champions and the pride of our nation for protesting, imagine what they would do to us common folk. Shame"
887,Rip india democracy
888,Bjp nai haad pr kardi hai abğŸ˜¢
889,Shame on Modi shame
890,Is din ko ham nhi bhulengeğŸ¥ºğŸ˜¥ğŸ•¯ï¸
891,After watching this no young kid ever aspire to become a athlete.
892,Help them plss... Our athletes is our pride
893,Good job police..  clearing hooligans from roads...got protest somewhere else..not in delhi... Delhi roads are not a place of protest..we have work to do not wait in traffic for you protest
894,Ajeeb Hain hum Hindunstani..Desh bechne walon ko Neta bana dete Hain..aur desh ki ijjat rakhne walon k Sath aisa salook karte hain..
895,Only happens in a country which wants to be the viswaguru glory to Our Prime minister next year a lot of people will join Olympics â¤
896,Shame on Indian government!
897,Shameful
898,Proud of you Modi ji
899,Hmarre desh me ab ahi dekhna baaki tha fool pm se
900,Shameful act Modi kaha ha tu
901,@K Sharmahow important  modi as a prime minister is way beyond our mind ğŸ¤
902,Lol they are not like modi who use hi mother for viewsğŸ˜‚
903,Akshada
904,plz all gays suppport thatgirls
905,Even Olympic medalist are treated this way then just imagine common citizen ğŸ’€
906,painful
907,Biggest shame for ruling govt
908,There is no justice in this illiterate PM government... such a shame where women are treated like this...
909,Government are unable to solve a small issue and this government and administration have to take a right action to resolve the players's issues with respect...
910,"50000CORES RS +25000CORE RS DRUGS HUNT, WHO IS THE KERALA DON  OR A BUSINESS MAN OR A POLITITION OR A SMUGGLER, WHO HE IS"
911,Phle kisan phir jawan aaj phalwan aur kro modi modi tera baap aur bhagwan h na andbhkt gor gabesh bss ek din media aur police pila jaye modi h to mumkin h phir dekhenge tmko krte modi modi
912,Bhut dhakka ho reha
913,"They need justice âš–ï¸
This is so cruel to watch ğŸ˜¢
This country is so messed up ğŸ˜¢ğŸ˜¢"
914,Aise police ko doob marna chahiye ğŸ˜¢
915,"Acha kiya, sale congressi agenda wale, paid protests"
916,Desh ka hal
917,Jai hind the goverment is blind in kiladiyo ne apna pura jivan des ke liya lagaye h aur inke sath annya ho raha h aisi sarkar ke hone ya nahone ka koi matalb nahi?
918,the VOTE power..
919,Doob k mar jye aisi govt shram name di koi chjjj nhi rhi kya tha hamara desh kya bna Diya zalim govt ne chiiiiiiii aisi govt p
920,Khapparbharni khi ki
921,Champian are treated like this ğŸ˜¢ in our country
922,"If their Champion Wrestlers are treated this way.
Imagine what these radiÂ¢al MODI police and supporters did to Minorities who protested.
Thousands protesters were k!lled by MODI's police during their protest."
923,Society housefull lucha and laughing my India
924,Bada hi kamjor democracy hey . constitution sirf garibo ke liye hey ye article me add karna chahiye tha
925,"Abbey aao na godi media, bhakton ab....bharatiya hone ke naate khoon nahi kholta kya tumhara."
926,Very sadğŸ˜¢
927,Mar jao salo tum hamesha hi aaisa hota sale ghus khor neta aaram se AC me rahte hai or hamare desh ka nam Roshan krne vale Khiladi kaho or sipai kaho inke sat ye sab hota hai bahen ke lavdo mar jao chullu bhar pani me dub ke koi jarurat nh hai aaise kanun or minister ki bc sale ğŸ˜¡ğŸ˜¡ğŸ˜¡ğŸ˜¡ğŸ˜¤
928,New India
929,This is called democracy.... Wah !BJP Sarkar... Wah! Modiji
930,British rule
931,Yrr this is ridiculous
932,Why there is still no inquiry for the accused? We are in a nation with such progress? Are peaceful protest not our right?
933,Acche din aa gye India mai kaha hain modi godi kerne wale
934,"""No player want to be disrespect like this for lie."""
935,Shame on the system
936,I can't see it
937,They need to deal with more harder way.
938,"shameful, wake up indian youth..."
939,This is a fake propaganda. Nobody is above india  LAW.
940,Ye kya ho raha hain..It's shameful ğŸ˜¢
941,World is watching
942,"India@75 since it's a male dominated society.... And sarcastically democracy is by the people for the people... But somewhere we have lost by the people... It is by the so called elites..... 
It's better to win a medal this time.... and ask the world.. To give u their citizenship and then say what happened with u and what happens in your country...... We often say hmare yahan to aisa nhi hota... I would say... Hmara yahan to aisa he hota rha hai.. Or aisa he ho rha hai or hoga bhi..... They are not concerned about this.. Bcz it is not happening with any politicians son or daughter.. This is we.. The people.. Not the person"
943,"Need bunch of police to arrest her? LOL ğŸ¤£

Peaceful Hlndus, look what they did to christianity in manipur it just a great example ğŸ¤£ğŸ¤£ğŸ¤£"
944,In benchodo ne andolon ko dhandha bana rakkha hai ğŸ˜¡ğŸ˜¡ğŸ˜¡ğŸ˜¡ğŸ˜ ğŸ˜  jisko bhi kuch karva ho sidha andolan karte hai madarchod ğŸ˜ ğŸ˜ ğŸ˜ ğŸ˜¡ hatao sab desh virodhiyo ko dalle ğŸ˜ ğŸ˜ ğŸ˜ 
945,"True meaning of ""Amritkaal"""
946,ğŸ™
947,Delhi police ...very nice god job
948,Jai shree ram modi jindabaad ram jindabaad
949,"Whoever wrong in this matter comes later . But I'm really very sad to see our athletes are not behaving like grown ups and the people in power are quite.

Why so much chaos?"
950,Well done police. Law and order first..
951,ğŸ˜‚ğŸ˜‚ğŸ˜‚ğŸ˜‚
952,Beti behen beta bhai boleh jab medal laye par jab insaf mange tou bash unke awaz dawaneh meh kosis ishi bharat kehliyeh pata nae kitno neh apni janh deh di par sachaiii meh bash rang hi badla hai abhi b wohin hai haar jaga sachaiii seh durr
953,it's really very painful to watch.
954,ğŸ˜¢ğŸ˜¢ğŸ˜¢
955,ğŸ˜‚ğŸ˜‚ğŸ˜‚
956,Akhand bharat bn raha .......ye to humesha ka hai aawaj uthao ya sawal pooch lo ya iljaam lga do ....bjp ke kuch mahan netao ki jal jati hai
957,i am not proud to be an indianğŸ˜¢ğŸ˜¢
958,"Time for another 1857 in India.

Modi is like Britisher 2.0"
959,Lol they are slowly establishing dictatorshipğŸ˜‚
960,Please vote bjp
961,India is a place where people are treated like garbage.
962,"Shame on you police, shame on modi. This country defense criminals and kills the innocents."
963,Yeh sahi nahi ho raha he!
964,Kabhi yehi haal hamare kisaano kaa bhi thaa
965,Shame Shame Puppy Shame
966,Shameless Govt. Nothing to say.
967,Oh my god what am I seeing feeling very bad
968,"Tanashai chal rahi hain,aaj dar and hatred ka mahol create ho gaya hain"
969,à¤…à¤¨à¤ªà¤¢ à¤²à¥‹à¤—à¥‹à¤•à¥‹ à¤–à¥à¤°à¥à¤šà¥€ à¤ªà¤° à¤¬à¤¿à¤ à¤¾à¤¯à¥‡à¤‚à¤—à¥‡ à¤¤à¥‹ à¤¯à¥‡à¤¸à¤¾à¤¹à¥€ à¤¹à¥‹à¤—à¤¾ cutiyaâ¤ï¸à¤¸à¤°à¤•à¤¾à¤°
970,Jab itne bade khiladi log ko justice ni mil paa rha h too yha aam public ko milna dur ki baat h ğŸ˜¢
971,SHAME .
972,@Your Friendly Degenerate No....There is no sarcasm when it comes to the integrity of India....these tool kit are exposing themselves everyday
973,Is this sarcasm?
974,"Misinformation is unbelievably dangerous.

Do you not know that Delhi police is under the control of central government?

Do you not know that brij bushan is a BJP'S important MLA or somehow did he became a member of AAP..?

I am not supporting any party but just stating the facts.

Now tell me what can Kejriwal do?"
975,Pure congress workers. Tikait sympathiser
976,Its shame to our country
977,Where is women commissions
978,Baat to sahi hai
979,"Nothing will remain...BJP will again come up with so communal thing and get voted to power again.....when one gets huge majority in democracy, he becomes a dictator"
980,"Mere desh basiyo Kaya jat ke khun ki koi keemat nhi, he Mahadev maf karna itna apman nhi Saha ja raha"
981,Fark kya reh gya india or pakistan mein abğŸ˜¢.news chanels abhi bhi pm ke khilaf kuch nhi dikha rhe
982,This is what the corrupt government does to the talents of India. First praise them for your vote bank and then forget them for you post
983,Shame on  us
984,jail mey dalo salo ko.champion banke masti chadi hai mc bc ko bsdk
985,One of the reason I hate being an Indian
986,Shrmnaak
987,Durbhagya hamare desh ka jaha desh ke nagino ko ye din dekhna par raha h
988,"I'm hurt to see that our government has failed to assist our champions who added to the glory of this country!
 Nothing worst can happen in a country where corrupt leaders are prioritised over bright talents. 

I'm sorry to those wrestlers, despite being citizen of democratic country we cannot deliver them justice."
989,Stand with wrestler ğŸ’¯ğŸ”¥ğŸ”¥ğŸ”¥ğŸ”¥
990,Government should punish Brijbhushan ğŸ˜¢ğŸ˜¢.These is how we treat our national gems. Extremely Shameful. Simply don't understand why the government is protecting that corrupt and shameless politician so much.
991,Finally good decision was taken by police
992,Wow what a joke...we indians are already struggling to win medals at the Olympics even after having a billion people and the ones who are getting them are being treated like stray animals...better they leave and live in countries which respect their talents.
993,"Beti bachao beti padhao 
Modi â˜•â˜•"
994,Insab ko ajj kal ka hi din mila tha
995,# Ban modi # Ban bjp
996,"Same Congress ne kiya thaa aur Desh ke youth ne delhi mein protest krke Congress ko wipe out kr diya,acha hoga Modi ji jaag jaye aur inse bhi milkr situation ko thek kre."
997,â€‹@Aryan Kadam lolğŸ˜‚
998,Court Mai case chalu hai ğŸ˜’
999,Those who support this govt should be socially boycott
1000,"Hope that the IPS officers in vedio might get promoted as DGP or get some gallantry award for their enormous courage and determination in their duty from BJP head quarters.Opposition parties,Kisans,Khap Panchayats ,All unions belonging to lower level employees should join protest immediately .Govt should understand strength of poor and middle class people.If BJP can politicize inauguration of new parliment opposition can politicize this issue to get justice for poor and needy."
1001,Shame on BJP
1002,Now no mainstream media will show this...
1003,Maja hi a gaya dekhkar
1004,Now Noone has a right to peacefully protest also
1005,Govt is grabbing the freedom from people. They never fought with police. They are just expressing their voice peacefully. Democracy is in danger.
1006,Or Kahan hair Modi ?
1007,Shame on bjp
1008,Shame of indian govt
1009,Shame shame
1010,Shame on you Indian government
1011,Shame on BJP
1012,Tihad bhejo
1013,"Shame on delhi police, they are wait to happen the same with their families and friend."
1014,à¤¹à¤¾à¤°à¥‹ à¤¤à¥‹ à¤¹à¤¾à¤°à¥‹ ijjat à¤®à¤¤  à¤‰à¤¤à¤¾à¤°à¥‹
1015,They are protesting against a BJP MLA(Brij Bhushan) and criminal(he himself admits) who is really powerful as he had sexually harrassed nearly 10 female wrestlers including a minor.
1016,Shame on bjp government. The way they are treating wrestlers just to save one corrupt politician.
1017,shame on delhi police
1018,"This is same to us #we are failed Indians , we are unable to support our heroes
So sad everybody of us just sleeping in their homes and watching this."
1019,Shame on you!
1020,Kya andhbhakt abhi bhi apni aankh se patti nhi hatayenge?
